timestamp,latitude,longitude,no2_ugm3,pm10_ugm3,pm2_5_ugm3,o3_ugm3,temperature_degC,humidity_percent,is_anomaly
1/1/2021 12:00,49.12716318,9.2144832,34.44,24.63,14.22,53.12,9.68,69.69,0
1/2/2021 12:00,49.12716318,9.2144832,34.51,24.67,14.25,59.16,10.23,73.41,0
1/3/2021 12:00,49.12716318,9.2144832,31.45,22.63,12.72,68.65,12.12,65.84,0
1/4/2021 12:00,49.12716318,9.2144832,29.9,21.6,11.95,60.92,11.18,65.14,0
1/5/2021 12:00,49.12716318,9.2144832,35.7,25.47,14.85,60.02,14.97,62.27,0
1/6/2021 12:00,49.12716318,9.2144832,31.99,22.99,12.99,70.89,9.51,78.15,0
1/7/2021 12:00,49.12716318,9.2144832,33.64,24.1,13.82,63.73,13.87,72.13,0
1/8/2021 12:00,49.12716318,9.2144832,33.13,23.75,13.56,62.56,11.66,75,0
1/9/2021 12:00,49.12716318,9.2144832,34.63,24.76,14.32,64.84,14.48,60.32,0
1/10/2021 12:00,49.12716318,9.2144832,32.86,19.05,13.43,68.56,9.54,72.75,1
1/11/2021 12:00,49.12716318,9.2144832,33.26,23.84,13.63,58.83,14.44,63.68,0
1/12/2021 12:00,49.12716318,9.2144832,33.13,23.75,13.57,68.51,12.25,71.29,0
1/13/2021 12:00,49.12716318,9.2144832,33.2,23.8,13.6,59.04,16.4,69.78,0
1/14/2021 12:00,49.12716318,9.2144832,35.77,25.51,14.88,59.43,11.31,72.95,0
1/15/2021 12:00,49.12716318,9.2144832,33.92,24.28,13.96,56.37,10.5,67.83,0
1/16/2021 12:00,49.12716318,9.2144832,29.05,21.03,11.53,68.88,18.26,64.43,0
1/17/2021 12:00,49.12716318,9.2144832,33.57,24.05,13.79,56.65,14.22,66.51,0
1/18/2021 12:00,49.12716318,9.2144832,33.15,23.77,13.58,73.42,15.83,71.44,0
1/19/2021 12:00,49.12716318,9.2144832,32.4,23.27,13.2,69.73,15.51,71.42,0
1/20/2021 12:00,49.12716318,9.2144832,31.03,22.36,12.52,65.32,16.08,70.4,0
1/21/2021 12:00,49.12716318,9.2144832,33.57,24.05,13.78,64.26,13.39,66.52,0
1/22/2021 12:00,49.12716318,9.2144832,35.55,25.37,14.78,58.14,14.55,73.36,0
1/23/2021 12:00,49.12716318,9.2144832,33.9,24.26,13.95,65.97,17.21,65.64,0
1/24/2021 12:00,49.12716318,9.2144832,37.37,26.58,15.68,66.85,14.39,68.8,0
1/25/2021 12:00,49.12716318,9.2144832,36.71,26.14,15.35,72.29,15.33,58.61,0
1/26/2021 12:00,49.12716318,9.2144832,39.85,28.23,16.93,53.18,17.46,58.95,0
1/27/2021 12:00,49.12716318,9.2144832,34.06,24.37,14.03,69.82,15.76,65.02,0
1/28/2021 12:00,49.12716318,9.2144832,29.65,21.43,11.83,70.25,15.27,65.58,0
1/29/2021 12:00,49.12716318,9.2144832,37.26,59.33,15.63,57.79,15.03,74.52,1
1/30/2021 12:00,49.12716318,9.2144832,32.64,23.43,13.32,78.11,13.72,64.62,0
1/31/2021 12:00,49.12716318,9.2144832,33.48,23.99,13.74,63.45,17.68,64.46,0
2/1/2021 12:00,49.12716318,9.2144832,34.04,24.36,14.02,59.34,15.89,72.02,0
2/2/2021 12:00,49.12716318,9.2144832,35.73,25.48,14.86,70.59,15.56,78.23,0
2/3/2021 12:00,49.12716318,9.2144832,37.64,26.76,15.82,67.27,14.28,63.58,0
2/4/2021 12:00,49.12716318,9.2144832,31.52,22.68,12.76,62.88,17.49,60.21,0
2/5/2021 12:00,49.12716318,9.2144832,37.5,26.67,15.75,66.74,13.61,75.83,0
2/6/2021 12:00,49.12716318,9.2144832,37.04,26.36,15.52,78.5,14.93,68.41,0
2/7/2021 12:00,49.12716318,9.2144832,37.53,26.69,15.77,71.68,14.98,69.27,0
2/8/2021 12:00,49.12716318,9.2144832,63.17,25.38,14.78,66.82,19.51,73.16,1
2/9/2021 12:00,49.12716318,9.2144832,39.74,28.16,16.87,63,19.39,64.41,0
2/10/2021 12:00,49.12716318,9.2144832,34.65,24.77,14.32,64.72,13.78,69.2,0
2/11/2021 12:00,49.12716318,9.2144832,32.59,23.4,13.3,68.86,17.18,73.17,0
2/12/2021 12:00,49.12716318,9.2144832,33.72,24.15,13.86,66.08,11.72,81.98,0
2/13/2021 12:00,49.12716318,9.2144832,38.54,27.36,16.27,66.99,17.06,53.5,0
2/14/2021 12:00,49.12716318,9.2144832,35.34,25.23,14.67,62.65,18.89,75.58,0
2/15/2021 12:00,49.12716318,9.2144832,39.57,28.04,16.78,65.13,18.23,65.97,0
2/16/2021 12:00,49.12716318,9.2144832,35.38,21.12,14.69,63.71,17.84,77.71,1
2/17/2021 12:00,49.12716318,9.2144832,37.61,26.74,15.81,47.14,18.73,73.29,0
2/18/2021 12:00,49.12716318,9.2144832,33.65,24.1,13.83,64.28,18.62,64.71,0
2/19/2021 12:00,49.12716318,9.2144832,35.45,25.3,14.73,69.45,18.22,64.61,0
2/20/2021 12:00,49.12716318,9.2144832,33.48,23.99,13.74,69.81,15.15,73.84,0
2/21/2021 12:00,49.12716318,9.2144832,39.66,28.11,16.83,58.88,19.01,75.83,0
2/22/2021 12:00,49.12716318,9.2144832,36.43,25.95,15.22,70.8,18.79,77.09,0
2/23/2021 12:00,49.12716318,9.2144832,33.04,23.7,13.52,74.36,17.34,82.38,0
2/24/2021 12:00,49.12716318,9.2144832,35.7,25.47,14.85,57.21,18.08,72.02,0
2/25/2021 12:00,49.12716318,9.2144832,33.53,24.02,13.76,63.88,20.65,66.76,0
2/26/2021 12:00,49.12716318,9.2144832,40.64,28.76,17.32,70.73,19.49,65.83,0
2/27/2021 12:00,49.12716318,9.2144832,38.1,27.06,16.05,72.51,13.98,70.56,0
2/28/2021 12:00,49.12716318,9.2144832,34.01,24.34,14.01,77.71,20.17,77.8,0
3/1/2021 12:00,49.12716318,9.2144832,34.96,24.97,14.48,55.23,16.65,75.87,0
3/2/2021 12:00,49.12716318,9.2144832,32.68,23.45,13.34,66.35,17.64,81.09,0
3/3/2021 12:00,49.12716318,9.2144832,36.07,25.71,15.03,64.7,19.83,73.61,0
3/4/2021 12:00,49.12716318,9.2144832,36.13,25.75,15.07,70.76,18.3,72.76,0
3/5/2021 12:00,49.12716318,9.2144832,31.47,22.65,12.73,80.25,19.7,77.04,0
3/6/2021 12:00,49.12716318,9.2144832,35.43,25.29,14.72,71.75,17.91,72.56,0
3/7/2021 12:00,49.12716318,9.2144832,,25.41,14.8,72.58,20.18,69.63,1
3/8/2021 12:00,49.12716318,9.2144832,37.95,26.97,15.97,70.2,20.52,72.13,0
3/9/2021 12:00,49.12716318,9.2144832,34.96,24.97,14.48,69.95,21.6,67.94,0
3/10/2021 12:00,49.12716318,9.2144832,32.84,23.56,13.42,79.63,15.17,80.91,0
3/11/2021 12:00,49.12716318,9.2144832,35.11,25.07,14.56,66.23,20.83,78.35,0
3/12/2021 12:00,49.12716318,9.2144832,33.42,23.95,13.71,67.01,19.7,71.61,0
3/13/2021 12:00,49.12716318,9.2144832,33.87,24.24,13.93,55.41,15.82,77.29,0
3/14/2021 12:00,49.12716318,9.2144832,34.68,24.79,14.34,84.43,20.12,68.57,0
3/15/2021 12:00,49.12716318,9.2144832,65.49,28.13,16.85,64.02,15.73,71.66,1
3/16/2021 12:00,49.12716318,9.2144832,37.04,26.36,15.52,72.51,16.52,63.34,0
3/17/2021 12:00,49.12716318,9.2144832,37.63,26.75,15.81,70.86,18.06,77.58,0
3/18/2021 12:00,49.12716318,9.2144832,36.55,26.03,15.27,67.88,17.03,74.49,0
3/19/2021 12:00,49.12716318,9.2144832,32.12,23.08,13.06,69.48,18.57,70.56,0
3/20/2021 12:00,49.12716318,9.2144832,38.01,27.01,16,57.61,19.42,69.56,0
3/21/2021 12:00,49.12716318,9.2144832,32.35,23.23,13.17,76.46,20.08,80.78,0
3/22/2021 12:00,49.12716318,9.2144832,35.23,25.15,14.61,67.59,20.21,65.36,0
3/23/2021 12:00,49.12716318,9.2144832,34.85,24.9,14.42,64.65,25.15,65.11,0
3/24/2021 12:00,49.12716318,9.2144832,33.55,24.04,13.78,68.65,20.12,61.74,0
3/25/2021 12:00,49.12716318,9.2144832,37.41,26.61,15.71,66.39,20.71,77.14,0
3/26/2021 12:00,49.12716318,9.2144832,36.72,26.14,15.36,69.19,20.01,69.47,0
3/27/2021 12:00,49.12716318,9.2144832,39.14,27.76,16.57,75.28,18.86,76.05,0
3/28/2021 12:00,49.12716318,9.2144832,31.64,22.76,12.82,64.94,17.65,86.05,0
3/29/2021 12:00,49.12716318,9.2144832,42.91,30.27,18.45,61.37,19.36,68.9,0
3/30/2021 12:00,49.12716318,9.2144832,35.23,25.16,14.62,78.73,18.79,83.44,0
3/31/2021 12:00,49.12716318,9.2144832,38.11,27.58,16.43,64.43,21.3,69.46,1
4/1/2021 12:00,49.12716318,9.2144832,35.8,31.9,14.9,66.11,18.61,80.39,1
4/2/2021 12:00,49.12716318,9.2144832,,24.91,14.43,67.33,24.9,75.95,1
4/3/2021 12:00,49.12716318,9.2144832,38.15,27.1,16.08,65.6,22.44,68.18,0
4/4/2021 12:00,49.12716318,9.2144832,38.12,27.08,16.06,67.98,19.52,74.98,0
4/5/2021 12:00,49.12716318,9.2144832,38.69,27.46,16.35,70.28,20.32,69.04,0
4/6/2021 12:00,49.12716318,9.2144832,36.95,26.3,15.47,65.43,17.2,71.05,0
4/7/2021 12:00,49.12716318,9.2144832,41.13,29.09,17.57,72.29,18.86,80.96,0
4/8/2021 12:00,49.12716318,9.2144832,30.12,21.74,12.06,67.55,20.74,76.74,0
4/9/2021 12:00,49.12716318,9.2144832,37.25,26.5,15.63,65.23,18.81,62.28,0
4/10/2021 12:00,49.12716318,9.2144832,35.12,25.08,14.56,66.75,20.21,81.47,0
4/11/2021 12:00,49.12716318,9.2144832,37.4,26.6,15.7,69.64,17.9,64.14,0
4/12/2021 12:00,49.12716318,9.2144832,35.37,25.25,14.69,69.18,19.93,74.66,0
4/13/2021 12:00,49.12716318,9.2144832,41.13,29.08,17.56,70.71,20.6,70.45,0
4/14/2021 12:00,49.12716318,9.2144832,32.83,23.56,13.42,77.14,16.65,76.96,0
4/15/2021 12:00,49.12716318,9.2144832,35.9,25.6,14.95,57.57,19.09,70.03,1
4/16/2021 12:00,49.12716318,9.2144832,36.66,26.11,15.33,66.83,20.27,75.65,0
4/17/2021 12:00,49.12716318,9.2144832,33.12,23.75,13.56,69.32,19.67,76.01,0
4/18/2021 12:00,49.12716318,9.2144832,34.06,24.37,14.03,67.18,20.71,62.35,0
4/19/2021 12:00,49.12716318,9.2144832,39.94,,16.97,58.15,19.69,69.61,1
4/20/2021 12:00,49.12716318,9.2144832,33.89,24.26,13.95,62.49,20.54,69.01,0
4/21/2021 12:00,49.12716318,9.2144832,34.04,24.36,14.02,68.22,19.17,77.72,0
4/22/2021 12:00,49.12716318,9.2144832,37.22,26.48,15.61,66.76,21.07,68.64,0
4/23/2021 12:00,49.12716318,9.2144832,31.39,22.6,12.7,66.44,18.54,67.88,0
4/24/2021 12:00,49.12716318,9.2144832,40.18,28.45,17.09,60.7,16.02,79.37,0
4/25/2021 12:00,49.12716318,9.2144832,35.25,25.17,14.62,63.22,19.1,69.49,0
4/26/2021 12:00,49.12716318,9.2144832,36.11,25.74,15.06,70.95,18.27,71.04,0
4/27/2021 12:00,49.12716318,9.2144832,39.8,28.2,16.9,58.78,20.29,66.94,0
4/28/2021 12:00,49.12716318,9.2144832,37.54,26.7,15.77,73.63,17.27,74.11,0
4/29/2021 12:00,49.12716318,9.2144832,39.98,28.32,16.99,78.05,19.54,84.13,0
4/30/2021 12:00,49.12716318,9.2144832,36.02,25.68,15.01,59.93,18.05,60.88,0
5/1/2021 12:00,49.12716318,9.2144832,35.23,25.15,14.62,73.32,20.72,74.57,0
5/2/2021 12:00,49.12716318,9.2144832,35.33,25.22,14.66,72.46,21.21,73.64,0
5/3/2021 12:00,49.12716318,9.2144832,39.21,27.81,27.86,68.7,21.23,74.28,1
5/4/2021 12:00,49.12716318,9.2144832,34.58,24.72,14.29,76.95,20.2,74.8,0
5/5/2021 12:00,49.12716318,9.2144832,35.39,25.26,14.7,66.36,18.63,77.36,0
5/6/2021 12:00,49.12716318,9.2144832,35.2,25.13,14.6,64.18,22.68,66.51,0
5/7/2021 12:00,49.12716318,9.2144832,36.02,25.68,15.01,67.57,18.05,74.67,0
5/8/2021 12:00,49.12716318,9.2144832,35.44,25.29,14.72,67.58,18.84,84.02,0
5/9/2021 12:00,49.12716318,9.2144832,39.48,27.99,16.74,53.57,17.33,70.42,0
5/10/2021 12:00,49.12716318,9.2144832,27.46,,16.33,65.43,19.1,69.21,1
5/11/2021 12:00,49.12716318,9.2144832,35.51,25.34,14.76,67.11,16.21,65.34,0
5/12/2021 12:00,49.12716318,9.2144832,35.03,25.02,14.51,65.45,17.76,75.49,0
5/13/2021 12:00,49.12716318,9.2144832,33.23,23.82,13.61,70.23,14.86,68.11,0
5/14/2021 12:00,49.12716318,9.2144832,35.06,25.04,14.53,59.51,16.06,69.32,0
5/15/2021 12:00,49.12716318,9.2144832,33.28,23.85,13.64,68,21.76,67.04,0
5/16/2021 12:00,49.12716318,9.2144832,37.5,26.66,15.75,48.77,20.41,70.83,0
5/17/2021 12:00,49.12716318,9.2144832,36.47,25.98,15.23,67.4,22.67,68.51,0
5/18/2021 12:00,49.12716318,9.2144832,38.93,27.62,16.46,67.85,19.21,62.14,0
5/19/2021 12:00,49.12716318,9.2144832,36.67,26.11,15.33,57.5,17.55,73.9,0
5/20/2021 12:00,49.12716318,9.2144832,35.17,25.11,14.59,62.87,17.74,63.72,0
5/21/2021 12:00,49.12716318,9.2144832,37.12,26.41,15.56,65.42,16.6,65.25,0
5/22/2021 12:00,49.12716318,9.2144832,31.02,22.35,12.51,66.67,17.92,68.33,0
5/23/2021 12:00,49.12716318,9.2144832,35.67,25.45,14.84,69.93,20.98,59.28,0
5/24/2021 12:00,49.12716318,9.2144832,33.78,24.19,13.89,56.88,15.65,70.96,0
5/25/2021 12:00,49.12716318,9.2144832,35.31,25.2,14.65,78.16,15.1,78.83,0
5/26/2021 12:00,49.12716318,9.2144832,35.93,25.62,14.96,58.26,15.03,76.1,0
5/27/2021 12:00,49.12716318,9.2144832,35.7,25.46,14.85,71.42,14.44,74.78,0
5/28/2021 12:00,49.12716318,9.2144832,27.58,20.05,10.79,69.67,14.27,83.89,0
5/29/2021 12:00,49.12716318,9.2144832,32.62,23.41,13.31,53.09,16.63,66.23,0
5/30/2021 12:00,49.12716318,9.2144832,30.6,22.07,12.3,62.27,14.97,68.23,0
5/31/2021 12:00,49.12716318,9.2144832,31.36,22.57,12.68,59.29,18.45,67.37,0
6/1/2021 12:00,49.12716318,9.2144832,36.5,26,15.25,69.56,16.77,70.52,0
6/2/2021 12:00,49.12716318,9.2144832,34.24,24.49,14.12,63.03,16.32,72.71,0
6/3/2021 12:00,49.12716318,9.2144832,27.96,20.31,10.98,65.12,16.78,66.89,0
6/4/2021 12:00,49.12716318,9.2144832,36.25,25.83,15.12,68.32,13.04,70.63,0
6/5/2021 12:00,49.12716318,9.2144832,35.12,25.08,14.56,77.95,11.91,74.59,0
6/6/2021 12:00,49.12716318,9.2144832,35.95,25.63,14.98,61.47,14.79,62.5,0
6/7/2021 12:00,49.12716318,9.2144832,25.44,18.63,9.72,68.25,11.23,63.59,0
6/8/2021 12:00,49.12716318,9.2144832,28.24,20.49,11.12,56.05,13.79,66.47,0
6/9/2021 12:00,49.12716318,9.2144832,32.06,23.04,13.03,61.84,13.99,71.88,0
6/10/2021 12:00,49.12716318,9.2144832,34.54,24.69,14.27,65.57,16.29,72.07,0
6/11/2021 12:00,49.12716318,9.2144832,33.69,24.12,13.84,65.44,16.12,69.52,0
6/12/2021 12:00,49.12716318,9.2144832,34.76,24.84,14.38,60.41,12.73,63.38,0
6/13/2021 12:00,49.12716318,9.2144832,33.14,23.76,13.57,64.01,15.6,75.88,0
6/14/2021 12:00,49.12716318,9.2144832,32.86,23.57,13.43,75.63,16.84,69.5,0
6/15/2021 12:00,49.12716318,9.2144832,32.61,23.41,13.31,,15.16,70.53,1
6/16/2021 12:00,49.12716318,9.2144832,34.55,24.7,14.27,61.36,11.88,72.47,0
6/17/2021 12:00,49.12716318,9.2144832,30.42,21.95,12.21,58.36,13.11,67.11,0
6/18/2021 12:00,49.12716318,9.2144832,31.32,22.55,12.66,68.05,9.99,67,0
6/19/2021 12:00,49.12716318,9.2144832,35.78,25.52,14.89,57.18,12.58,70.27,0
6/20/2021 12:00,49.12716318,9.2144832,34.67,24.78,14.33,60.86,14.33,60.86,0
6/21/2021 12:00,49.12716318,9.2144832,31.98,22.98,12.99,52.51,13.96,62.47,0
6/22/2021 12:00,49.12716318,9.2144832,34.7,24.8,14.35,69.32,15.13,74.38,0
6/23/2021 12:00,49.12716318,9.2144832,34.77,24.84,14.38,62.76,16.37,65.6,0
6/24/2021 12:00,49.12716318,9.2144832,27.86,20.24,10.93,55.14,11.4,71.1,0
6/25/2021 12:00,49.12716318,9.2144832,29.98,21.65,11.99,62.22,13.85,64.74,0
6/26/2021 12:00,49.12716318,9.2144832,32.58,23.38,13.29,63.58,11.13,66.3,0
6/27/2021 12:00,49.12716318,9.2144832,34.3,24.53,14.15,65.23,10.67,67.44,0
6/28/2021 12:00,49.12716318,9.2144832,28.77,20.85,11.38,48.92,10.27,67.1,0
6/29/2021 12:00,49.12716318,9.2144832,33.3,23.87,13.65,59.45,11.74,58.78,0
6/30/2021 12:00,49.12716318,9.2144832,34.91,24.94,14.46,71.25,8.57,67.73,0
7/1/2021 12:00,49.12716318,9.2144832,34.01,24.34,14,51.93,12.68,58.24,0
7/2/2021 12:00,49.12716318,9.2144832,30.27,21.85,12.14,60.87,9.07,64.82,0
7/3/2021 12:00,49.12716318,9.2144832,32.44,23.29,13.22,64.69,7.25,66.8,0
7/4/2021 12:00,49.12716318,9.2144832,32.81,23.54,13.41,60.36,10.9,66.54,0
7/5/2021 12:00,49.12716318,9.2144832,33.17,23.78,13.58,65.5,7.75,70.99,0
7/6/2021 12:00,49.12716318,9.2144832,33.74,24.16,13.87,59.5,12.58,55.4,0
7/7/2021 12:00,49.12716318,9.2144832,30.17,21.78,12.09,56.65,9.95,79.55,0
7/8/2021 12:00,49.12716318,9.2144832,30.5,22,12.25,64.86,7.28,75.57,0
7/9/2021 12:00,49.12716318,9.2144832,30.8,22.2,12.4,57.59,8.99,58.13,0
7/10/2021 12:00,49.12716318,9.2144832,30.04,21.69,12.02,60.13,12.24,61.98,0
7/11/2021 12:00,49.12716318,9.2144832,26.51,19.34,10.26,62.9,7.21,59.56,0
7/12/2021 12:00,49.12716318,9.2144832,31.44,22.63,12.72,45.4,9.24,71.57,0
7/13/2021 12:00,49.12716318,9.2144832,35.46,25.31,14.73,54.03,10.07,62.2,0
7/14/2021 12:00,49.12716318,9.2144832,28.34,20.56,11.17,47.84,8.23,65.29,0
7/15/2021 12:00,49.12716318,9.2144832,28.36,20.57,,60.07,8.88,58.71,1
7/16/2021 12:00,49.12716318,9.2144832,29.26,21.18,11.63,62.48,4.94,71.28,0
7/17/2021 12:00,49.12716318,9.2144832,34.14,24.43,14.07,59.98,4.48,62.75,0
7/18/2021 12:00,49.12716318,9.2144832,36.2,25.8,15.1,62.8,11.91,49.73,0
7/19/2021 12:00,49.12716318,9.2144832,30.22,21.81,12.11,56.62,5.59,58.87,0
7/20/2021 12:00,49.12716318,9.2144832,67.02,23.32,13.24,54.62,10.1,56.81,1
7/21/2021 12:00,49.12716318,9.2144832,29.45,21.3,11.72,49.39,7.08,63.04,0
7/22/2021 12:00,49.12716318,9.2144832,31.14,22.42,12.57,48.53,10.36,61.65,0
7/23/2021 12:00,49.12716318,9.2144832,30.33,21.89,12.17,45.89,8.26,63.89,0
7/24/2021 12:00,49.12716318,9.2144832,27.69,20.12,10.84,70.64,6.89,54.94,0
7/25/2021 12:00,49.12716318,9.2144832,29.96,21.64,11.98,54.88,10.37,52.39,0
7/26/2021 12:00,49.12716318,9.2144832,32.45,23.3,13.22,61.17,6.08,69.85,0
7/27/2021 12:00,49.12716318,9.2144832,26.57,19.38,10.29,55.38,7.05,66.9,0
7/28/2021 12:00,49.12716318,9.2144832,29.18,21.12,11.59,54.57,3.06,66.25,0
7/29/2021 12:00,49.12716318,9.2144832,27.73,20.15,10.87,48.62,9.63,53.32,0
7/30/2021 12:00,49.12716318,9.2144832,30.93,22.28,12.46,44.76,6.99,57.93,0
7/31/2021 12:00,49.12716318,9.2144832,29.57,21.38,11.79,54.69,6.8,56.92,0
8/1/2021 12:00,49.12716318,9.2144832,31.49,22.66,12.75,47.89,6.41,68.4,0
8/2/2021 12:00,49.12716318,9.2144832,25.37,18.58,9.69,55.22,7.68,60.01,0
8/3/2021 12:00,49.12716318,9.2144832,26.8,19.53,20.7,49.72,7.79,60.43,1
8/4/2021 12:00,49.12716318,9.2144832,30.13,21.75,12.06,50.09,7.96,65.63,0
8/5/2021 12:00,49.12716318,9.2144832,32.29,23.2,13.15,50.97,9.31,60.02,0
8/6/2021 12:00,49.12716318,9.2144832,26.68,19.44,10.34,64.58,1.97,63.6,1
8/7/2021 12:00,49.12716318,9.2144832,31.05,22.36,12.52,58.33,8.58,58.12,0
8/8/2021 12:00,49.12716318,9.2144832,27.12,19.75,10.56,48.71,4.64,61.03,0
8/9/2021 12:00,49.12716318,9.2144832,30.43,21.95,12.21,65.05,4.11,72.57,0
8/10/2021 12:00,49.12716318,9.2144832,49.37,21.57,10.41,60.92,5.76,54.35,1
8/11/2021 12:00,49.12716318,9.2144832,29,21,11.5,49.12,3.15,59.1,0
8/12/2021 12:00,49.12716318,9.2144832,29.36,21.24,11.68,59.74,1.64,63.19,0
8/13/2021 12:00,49.12716318,9.2144832,32.3,23.2,13.15,63.81,7.57,55.59,0
8/14/2021 12:00,49.12716318,9.2144832,29.84,,11.92,47.95,3.89,65.95,1
8/15/2021 12:00,49.12716318,9.2144832,26.85,19.57,10.43,60.51,6.85,55.07,0
8/16/2021 12:00,49.12716318,9.2144832,27.65,18.28,9.46,53.34,6.06,60.75,1
8/17/2021 12:00,49.12716318,9.2144832,27.65,22.82,12.87,59.44,4.29,60.75,1
8/18/2021 12:00,49.12716318,9.2144832,27.74,20.16,10.87,49.56,1.67,62.22,0
8/19/2021 12:00,49.12716318,9.2144832,28.37,20.58,11.19,64.58,5.08,71.84,0
8/20/2021 12:00,49.12716318,9.2144832,27.53,20.02,10.76,54.68,3.38,47.72,0
8/21/2021 12:00,49.12716318,9.2144832,26.84,19.56,10.42,65.29,6.47,63.8,0
8/22/2021 12:00,49.12716318,9.2144832,31.45,22.64,12.73,51.59,3.19,57.61,0
8/23/2021 12:00,49.12716318,9.2144832,26.93,19.62,10.46,59.15,6.86,63.23,0
8/24/2021 12:00,49.12716318,9.2144832,29.69,21.46,11.85,59.95,2.33,67.92,0
8/25/2021 12:00,49.12716318,9.2144832,33.9,18.6,9.7,48.65,5.39,52.22,1
8/26/2021 12:00,49.12716318,9.2144832,,22.55,12.66,,4.35,56.67,1
8/27/2021 12:00,49.12716318,9.2144832,26.93,19.62,10.47,49.62,1.91,58.24,0
8/28/2021 12:00,49.12716318,9.2144832,28.19,20.46,11.09,40.35,3.7,59.11,0
8/29/2021 12:00,49.12716318,9.2144832,31.22,22.48,12.61,49.48,3.39,61.52,0
8/30/2021 12:00,49.12716318,9.2144832,27.51,20.01,10.75,49.58,3.73,56.79,0
8/31/2021 12:00,49.12716318,9.2144832,26.02,19.01,10.01,51,6.18,54.85,0
9/1/2021 12:00,49.12716318,9.2144832,31.71,22.81,12.86,40.25,4.52,55.42,0
9/2/2021 12:00,49.12716318,9.2144832,30.35,21.9,12.18,57.55,1.47,65.13,0
9/3/2021 12:00,49.12716318,9.2144832,29.55,21.36,11.77,50.95,0.75,57.59,0
9/4/2021 12:00,49.12716318,9.2144832,30.76,22.17,12.38,59.83,2.93,45.99,0
9/5/2021 12:00,49.12716318,9.2144832,26.4,19.27,10.2,62.82,1.52,55.88,0
9/6/2021 12:00,49.12716318,9.2144832,28.01,20.34,11.01,57.66,0.27,54.56,0
9/7/2021 12:00,49.12716318,9.2144832,28.65,20.77,11.33,63.51,4.85,54.3,0
9/8/2021 12:00,49.12716318,9.2144832,28.68,20.79,11.34,53.41,6.49,46.25,0
9/9/2021 12:00,49.12716318,9.2144832,30.09,21.73,12.05,57.38,2.25,41.22,0
9/10/2021 12:00,49.12716318,9.2144832,24.41,17.94,9.21,45.17,2.27,60.48,0
9/11/2021 12:00,49.12716318,9.2144832,26.63,19.42,10.31,50.27,3.06,67.76,0
9/12/2021 12:00,49.12716318,9.2144832,29.73,21.49,11.87,59.56,-0.25,54.09,0
9/13/2021 12:00,49.12716318,9.2144832,24.11,17.74,9.05,53.58,-0.51,48.24,0
9/14/2021 12:00,49.12716318,9.2144832,24.11,17.74,9.06,50.96,2.52,62.24,0
9/15/2021 12:00,49.12716318,9.2144832,28.58,20.72,11.29,64.63,2.68,54.63,1
9/16/2021 12:00,49.12716318,9.2144832,28.52,,11.26,64.63,-1.38,57.48,1
9/17/2021 12:00,49.12716318,9.2144832,28.57,,11.29,61.17,2.82,50.95,1
9/18/2021 12:00,49.12716318,9.2144832,22.48,16.65,8.24,51.05,3.39,62.14,0
9/19/2021 12:00,49.12716318,9.2144832,26.55,19.37,10.28,51.85,0.35,62.6,0
9/20/2021 12:00,49.12716318,9.2144832,26.31,19.21,10.16,59.05,1,54.59,0
9/21/2021 12:00,49.12716318,9.2144832,24.27,17.84,9.13,46.69,2,55.42,0
9/22/2021 12:00,49.12716318,9.2144832,27.25,19.83,10.62,54.55,5.29,58.26,0
9/23/2021 12:00,49.12716318,9.2144832,26.88,19.59,10.44,45.92,5.35,60,0
9/24/2021 12:00,49.12716318,9.2144832,23.33,17.22,8.67,65.27,3.98,55.92,0
9/25/2021 12:00,49.12716318,9.2144832,26.85,19.57,10.43,55.74,2.63,50.59,0
9/26/2021 12:00,49.12716318,9.2144832,23.8,17.54,8.9,55.17,0.15,64.26,0
9/27/2021 12:00,49.12716318,9.2144832,24.58,18.06,9.29,57.65,2.23,54.43,0
9/28/2021 12:00,49.12716318,9.2144832,27.77,20.18,10.88,44.84,0.44,62.26,0
9/29/2021 12:00,49.12716318,9.2144832,25.18,18.45,9.59,53.11,0.33,55.6,0
9/30/2021 12:00,49.12716318,9.2144832,29.44,21.3,11.72,51.11,4.4,47.19,0
10/1/2021 12:00,49.12716318,9.2144832,25.87,18.91,9.93,47.45,4.33,66.96,0
10/2/2021 12:00,49.12716318,9.2144832,24.66,18.1,9.33,53.56,3.18,63.6,0
10/3/2021 12:00,49.12716318,9.2144832,31.84,22.9,12.92,59.33,4.23,53.03,0
10/4/2021 12:00,49.12716318,9.2144832,28.33,20.56,11.17,47.02,3.16,53.97,0
10/5/2021 12:00,49.12716318,9.2144832,25.13,18.42,9.57,42.17,4.7,62.45,0
10/6/2021 12:00,49.12716318,9.2144832,27.69,20.13,10.84,,3.37,63.33,1
10/7/2021 12:00,49.12716318,9.2144832,25.87,18.91,9.93,60.03,4.13,66.11,0
10/8/2021 12:00,49.12716318,9.2144832,25.91,18.94,9.96,53.15,3.6,48.04,0
10/9/2021 12:00,49.12716318,9.2144832,26.76,19.51,10.38,52.27,3.38,57.71,0
10/10/2021 12:00,49.12716318,9.2144832,31.49,22.66,12.74,44.43,3.18,53.89,0
10/11/2021 12:00,49.12716318,9.2144832,26.29,19.19,10.14,50.14,1.43,65.37,0
10/12/2021 12:00,49.12716318,9.2144832,29.7,21.47,11.85,53.42,4.59,54.45,0
10/13/2021 12:00,49.12716318,9.2144832,27.57,20.05,10.79,59.91,2.24,56.56,0
10/14/2021 12:00,49.12716318,9.2144832,31.85,22.9,12.92,55.28,2.42,63.13,0
10/15/2021 12:00,49.12716318,9.2144832,25.36,18.57,9.68,47.69,-0.43,59.61,0
10/16/2021 12:00,49.12716318,9.2144832,28.37,20.58,11.18,51.19,1.9,54.43,0
10/17/2021 12:00,49.12716318,9.2144832,28.81,20.87,11.41,57.54,4.06,45.31,0
10/18/2021 12:00,49.12716318,9.2144832,36.53,21.85,12.14,64.09,3.14,55.79,1
10/19/2021 12:00,49.12716318,9.2144832,36.53,20.1,10.82,64.09,-0.4,56.35,1
10/20/2021 12:00,49.12716318,9.2144832,27.34,19.89,10.67,50.31,3.98,45.24,0
10/21/2021 12:00,49.12716318,9.2144832,31.04,22.36,12.52,51.23,6.01,57.73,0
10/22/2021 12:00,49.12716318,9.2144832,25.45,18.64,9.73,60.38,2.57,48.77,0
10/23/2021 12:00,49.12716318,9.2144832,28.8,20.87,11.4,52.46,2.61,70.21,0
10/24/2021 12:00,49.12716318,9.2144832,29.3,21.2,11.65,51.62,3.95,61.38,0
10/25/2021 12:00,49.12716318,9.2144832,28.54,20.7,11.27,62.86,2.08,60.84,0
10/26/2021 12:00,49.12716318,9.2144832,27.01,19.67,10.5,53.1,1.38,58.71,0
10/27/2021 12:00,49.12716318,9.2144832,26.34,19.22,10.17,48.38,4.27,58.4,0
10/28/2021 12:00,49.12716318,9.2144832,25.15,18.43,9.57,52.54,5.2,54.62,0
10/29/2021 12:00,49.12716318,9.2144832,23.96,17.64,8.98,49.69,2.07,50.22,0
10/30/2021 12:00,49.12716318,9.2144832,23.78,17.52,8.89,69.72,4.63,58,1
10/31/2021 12:00,49.12716318,9.2144832,28.65,20.77,11.32,56.71,6.77,62.77,0
11/1/2021 12:00,49.12716318,9.2144832,,,7.86,47.33,2.68,44.69,1
11/2/2021 12:00,49.12716318,9.2144832,27.63,20.08,,53.98,-0.25,61.91,1
11/3/2021 12:00,49.12716318,9.2144832,26.33,19.22,10.16,54.86,2.71,50.12,0
11/4/2021 12:00,49.12716318,9.2144832,27.9,40.36,10.95,44,2.34,59.26,1
11/5/2021 12:00,49.12716318,9.2144832,28.67,20.78,11.33,62.57,3.02,61.09,0
11/6/2021 12:00,49.12716318,9.2144832,29.85,,11.93,56.38,1.47,58,1
11/7/2021 12:00,49.12716318,9.2144832,27.56,20.04,10.78,59.37,4.36,60.83,0
11/8/2021 12:00,49.12716318,9.2144832,32.06,23.04,13.03,44.41,4.02,58.87,0
11/9/2021 12:00,49.12716318,9.2144832,23.32,17.21,8.66,37.39,6.16,62.28,0
11/10/2021 12:00,49.12716318,9.2144832,25.63,18.75,9.81,54.05,6.04,48.84,0
11/11/2021 12:00,49.12716318,9.2144832,27.01,19.67,10.51,61.36,3.67,62.62,0
11/12/2021 12:00,49.12716318,9.2144832,31.46,22.64,12.73,42.63,5.92,57.34,0
11/13/2021 12:00,49.12716318,9.2144832,31.69,22.79,,50.13,3.9,55.12,1
11/14/2021 12:00,49.12716318,9.2144832,33.49,23.99,13.75,56.47,3.52,55.08,0
11/15/2021 12:00,49.12716318,9.2144832,29.86,21.57,11.93,45.92,8.71,63.05,0
11/16/2021 12:00,49.12716318,9.2144832,28.89,20.93,11.45,51.9,4.33,60.44,0
11/17/2021 12:00,49.12716318,9.2144832,29.16,21.1,11.58,54.2,6.49,56.99,0
11/18/2021 12:00,49.12716318,9.2144832,26.79,19.53,10.4,56.96,3.1,46.28,0
11/19/2021 12:00,49.12716318,9.2144832,28.05,20.36,11.02,45.83,7.7,56.63,0
11/20/2021 12:00,49.12716318,9.2144832,28.96,20.97,11.48,48.99,4.28,61.07,0
11/21/2021 12:00,49.12716318,9.2144832,28.39,20.59,11.19,61.02,5.06,59.53,0
11/22/2021 12:00,49.12716318,9.2144832,28.33,20.55,11.17,59.04,2.86,57.13,0
11/23/2021 12:00,49.12716318,9.2144832,29.31,21.21,11.65,59.9,5.19,60.26,0
11/24/2021 12:00,49.12716318,9.2144832,33.34,23.9,13.67,47.01,7.62,67.46,0
11/25/2021 12:00,49.12716318,9.2144832,28.23,20.49,11.12,49.31,9.12,60.07,0
11/26/2021 12:00,49.12716318,9.2144832,26.3,19.2,10.15,56.94,4.28,52.31,0
11/27/2021 12:00,49.12716318,9.2144832,27.6,27.13,10.8,60,4.54,60.45,1
11/28/2021 12:00,49.12716318,9.2144832,27.83,27.13,10.91,61.37,5.93,62.01,1
11/29/2021 12:00,49.12716318,9.2144832,29.94,21.63,11.97,56.47,6.11,60.77,0
11/30/2021 12:00,49.12716318,9.2144832,30.39,21.93,12.2,49.48,6.49,53.35,0
12/1/2021 12:00,49.12716318,9.2144832,28.5,20.67,11.25,59.08,7.15,66.65,1
12/2/2021 12:00,49.12716318,9.2144832,27.62,20.08,10.81,55.17,7.88,62.84,0
12/3/2021 12:00,49.12716318,9.2144832,27.47,19.98,10.74,44.93,5.95,51.25,0
12/4/2021 12:00,49.12716318,9.2144832,30.23,21.82,12.11,57.6,6.37,59.64,0
12/5/2021 12:00,49.12716318,9.2144832,32.42,23.28,13.21,60.75,6.33,59.84,0
12/6/2021 12:00,49.12716318,9.2144832,31.96,22.97,12.98,66.56,8.7,55.72,0
12/7/2021 12:00,49.12716318,9.2144832,35.08,25.05,14.54,65.58,9.16,66.71,0
12/8/2021 12:00,49.12716318,9.2144832,29.19,21.12,11.59,,6.33,60.72,1
12/9/2021 12:00,49.12716318,9.2144832,32.25,23.17,13.12,59.55,7.65,61.27,1
12/10/2021 12:00,49.12716318,9.2144832,27.1,19.73,10.55,47.9,4.7,66.74,0
12/11/2021 12:00,49.12716318,9.2144832,31.84,22.89,12.92,55.83,9.91,67.14,0
12/12/2021 12:00,49.12716318,9.2144832,30.87,22.25,12.44,60.35,9.46,53.82,0
12/13/2021 12:00,49.12716318,9.2144832,33.63,17.87,13.82,61.95,7.01,62.05,1
12/14/2021 12:00,49.12716318,9.2144832,29.08,21.06,11.54,54.01,7.19,61.66,0
12/15/2021 12:00,49.12716318,9.2144832,29.47,21.31,11.73,92.12,7.77,61.48,1
12/16/2021 12:00,49.12716318,9.2144832,25.08,18.39,17.78,59.16,6.72,66.14,1
12/17/2021 12:00,49.12716318,9.2144832,31.56,22.71,12.78,59.54,6.36,61.81,0
12/18/2021 12:00,49.12716318,9.2144832,29.79,21.52,11.89,52.25,7.06,63.23,0
12/19/2021 12:00,49.12716318,9.2144832,30.44,21.96,12.22,57.1,4.31,61.3,0
12/20/2021 12:00,49.12716318,9.2144832,32.81,23.54,13.41,57.43,9.7,66.76,0
12/21/2021 12:00,49.12716318,9.2144832,25.56,21.68,12.01,62.12,11.29,65.15,1
12/22/2021 12:00,49.12716318,9.2144832,28.71,20.81,11.36,66.38,10.47,60.16,0
12/23/2021 12:00,49.12716318,9.2144832,29.83,21.55,11.91,57,10.47,68.33,0
12/24/2021 12:00,49.12716318,9.2144832,32.58,23.39,13.29,53.66,9.31,52.37,0
12/25/2021 12:00,49.12716318,9.2144832,32.55,23.37,13.27,68.68,12.85,72.84,0
12/26/2021 12:00,49.12716318,9.2144832,29.15,21.1,11.57,48.36,9.16,64.88,0
12/27/2021 12:00,49.12716318,9.2144832,26.93,19.62,10.47,56.91,9.57,65.17,0
12/28/2021 12:00,49.12716318,9.2144832,31,22.33,12.5,57.53,10.05,59.45,0
12/29/2021 12:00,49.12716318,9.2144832,28.74,20.82,11.37,48.3,10.49,66.71,0
12/30/2021 12:00,49.12716318,9.2144832,28.98,20.99,11.49,56.82,8.43,67.12,0
12/31/2021 12:00,49.12716318,9.2144832,32.26,23.18,13.13,63.11,8.92,69.75,0
1/1/2022 12:00,49.12716318,9.2144832,32.59,23.39,13.29,58.83,12.58,54.39,0
1/2/2022 12:00,49.12716318,9.2144832,35.88,25.59,25.82,62.88,12.68,71.99,1
1/3/2022 12:00,49.12716318,9.2144832,29.7,21.47,11.85,65.12,11.42,61.62,0
1/4/2022 12:00,49.12716318,9.2144832,31.34,22.56,12.67,54.9,11.76,60.43,0
1/5/2022 12:00,49.12716318,9.2144832,35.12,25.08,14.56,97.28,9.61,69.89,1
1/6/2022 12:00,49.12716318,9.2144832,31.23,22.49,12.62,58.69,11.76,55.75,0
1/7/2022 12:00,49.12716318,9.2144832,34.5,24.67,14.25,67.88,10.69,69.52,0
1/8/2022 12:00,49.12716318,9.2144832,30.5,22,12.25,48.31,12.07,72,0
1/9/2022 12:00,49.12716318,9.2144832,32.98,23.66,13.49,67.75,14.81,61.5,0
1/10/2022 12:00,49.12716318,9.2144832,35,25,14.5,64.06,11.52,76.05,0
1/11/2022 12:00,49.12716318,9.2144832,36.4,25.94,15.2,64.14,10.4,66.8,0
1/12/2022 12:00,49.12716318,9.2144832,31.82,22.88,12.91,60.53,12.62,69.42,0
1/13/2022 12:00,49.12716318,9.2144832,33.83,24.22,13.92,55.36,11.3,70.16,0
1/14/2022 12:00,49.12716318,9.2144832,36.37,25.91,15.18,65.72,11.58,59.81,0
1/15/2022 12:00,49.12716318,9.2144832,36.09,25.72,15.04,71.84,12.04,63.11,0
1/16/2022 12:00,49.12716318,9.2144832,34.62,24.74,14.31,69.38,15.96,69.92,0
1/17/2022 12:00,49.12716318,9.2144832,31.32,22.55,12.66,56.23,14.63,76.5,0
1/18/2022 12:00,49.12716318,9.2144832,28.38,20.59,11.19,55.64,9.6,69.91,0
1/19/2022 12:00,49.12716318,9.2144832,33.07,23.71,13.53,56.47,13.54,71.58,0
1/20/2022 12:00,49.12716318,9.2144832,33.07,23.71,13.53,64.81,13.04,63.8,0
1/21/2022 12:00,49.12716318,9.2144832,34.82,24.88,14.41,61.16,14.52,66.48,0
1/22/2022 12:00,49.12716318,9.2144832,25.45,18.63,9.72,69.83,14.36,69.53,0
1/23/2022 12:00,49.12716318,9.2144832,34.42,24.61,14.21,52.75,17.7,65.47,1
1/24/2022 12:00,49.12716318,9.2144832,34.41,24.61,14.21,62.36,13.61,53.87,0
1/25/2022 12:00,49.12716318,9.2144832,33.68,24.12,13.84,64.16,12.31,66.87,0
1/26/2022 12:00,49.12716318,9.2144832,39.69,28.13,16.85,63.05,14.5,67.76,0
1/27/2022 12:00,49.12716318,9.2144832,37.73,26.82,15.87,60.01,14.48,64.75,0
1/28/2022 12:00,49.12716318,9.2144832,34.08,24.39,14.04,63.8,14.22,61.96,0
1/29/2022 12:00,49.12716318,9.2144832,35.34,25.23,14.67,56.29,17.24,58.92,0
1/30/2022 12:00,49.12716318,9.2144832,35.34,25.23,,69.66,13.41,70.49,1
1/31/2022 12:00,49.12716318,9.2144832,30.51,22.01,12.26,80.18,13.46,65.79,0
2/1/2022 12:00,49.12716318,9.2144832,36.11,25.74,15.06,59.43,14.19,69.79,0
2/2/2022 12:00,49.12716318,9.2144832,36.57,26.05,15.29,61.38,12.86,75.48,0
2/3/2022 12:00,49.12716318,9.2144832,36.8,26.2,15.4,68.35,15.35,53.51,0
2/4/2022 12:00,49.12716318,9.2144832,31.17,22.45,12.59,64.48,16.41,70.53,0
2/5/2022 12:00,49.12716318,9.2144832,35.82,25.55,14.91,65.07,14.93,61.97,0
2/6/2022 12:00,49.12716318,9.2144832,39.11,27.74,16.56,61.61,18.36,75.65,0
2/7/2022 12:00,49.12716318,9.2144832,33.36,23.9,13.68,61.53,13.23,71.91,0
2/8/2022 12:00,49.12716318,9.2144832,35.82,25.55,14.91,58.83,18.17,78.28,0
2/9/2022 12:00,49.12716318,9.2144832,34.82,24.88,14.41,67.84,17.22,65.81,0
2/10/2022 12:00,49.12716318,9.2144832,32.1,23.07,13.05,65.98,13.55,53.65,0
2/11/2022 12:00,49.12716318,9.2144832,35.96,25.64,14.98,83.28,18.43,60.86,1
2/12/2022 12:00,49.12716318,9.2144832,32.86,23.57,13.43,83.28,18.6,72.59,1
2/13/2022 12:00,49.12716318,9.2144832,36.89,26.26,15.44,52.85,17.08,61.65,0
2/14/2022 12:00,49.12716318,9.2144832,34.21,24.48,14.11,66.26,16.24,73.8,0
2/15/2022 12:00,49.12716318,9.2144832,39.09,26.92,15.94,64.86,18.45,77.09,1
2/16/2022 12:00,49.12716318,9.2144832,39.09,22.21,12.41,67.32,15.54,78.07,1
2/17/2022 12:00,49.12716318,9.2144832,37.61,26.74,15.8,75.84,18.41,66.13,0
2/18/2022 12:00,49.12716318,9.2144832,36.19,25.8,15.1,68.98,19,73.55,0
2/19/2022 12:00,49.12716318,9.2144832,,23.73,13.55,69.56,16.95,70.47,1
2/20/2022 12:00,49.12716318,9.2144832,37,26.34,15.5,73.93,18.12,62.43,0
2/21/2022 12:00,49.12716318,9.2144832,32.18,23.12,13.09,70.81,16.27,69.99,0
2/22/2022 12:00,49.12716318,9.2144832,37.75,26.84,,72.05,18.11,70.24,1
2/23/2022 12:00,49.12716318,9.2144832,39.24,27.83,16.62,58.76,18.07,75.09,0
2/24/2022 12:00,49.12716318,9.2144832,33.79,24.19,13.89,60.75,19.21,77.04,0
2/25/2022 12:00,49.12716318,9.2144832,35.64,25.42,14.82,66.41,22.43,61.48,0
2/26/2022 12:00,49.12716318,9.2144832,35.29,25.19,14.64,71.7,18.33,70.79,0
2/27/2022 12:00,49.12716318,9.2144832,32.43,23.29,13.22,65.84,21.2,76.34,0
2/28/2022 12:00,49.12716318,9.2144832,37,26.33,15.5,67.24,23.35,65.1,0
3/1/2022 12:00,49.12716318,9.2144832,37.69,26.79,15.85,62.93,23.69,66.44,0
3/2/2022 12:00,49.12716318,9.2144832,39.17,27.78,16.59,72.63,18.12,60.2,0
3/3/2022 12:00,49.12716318,9.2144832,32.44,23.29,13.22,66.93,17.19,84.58,0
3/4/2022 12:00,49.12716318,9.2144832,34.54,24.69,14.27,57.97,19.29,65.09,0
3/5/2022 12:00,49.12716318,9.2144832,36.56,26.04,15.28,69.4,15.87,62.06,0
3/6/2022 12:00,49.12716318,9.2144832,38.34,27.23,16.17,68.53,18.32,73.34,0
3/7/2022 12:00,49.12716318,9.2144832,36.91,26.27,15.46,67.96,20.59,68.9,0
3/8/2022 12:00,49.12716318,9.2144832,39.63,28.09,16.82,67.76,18.05,69.55,0
3/9/2022 12:00,49.12716318,9.2144832,33.4,23.93,13.7,59.73,20.45,76.36,0
3/10/2022 12:00,49.12716318,9.2144832,39,27.67,16.5,79.36,17.41,75.27,0
3/11/2022 12:00,49.12716318,9.2144832,37.74,26.82,15.87,68.2,25.33,76.27,0
3/12/2022 12:00,49.12716318,9.2144832,37.26,26.51,15.63,66.32,21.41,82.09,0
3/13/2022 12:00,49.12716318,9.2144832,40.83,28.89,17.41,74.01,22.98,68.27,0
3/14/2022 12:00,49.12716318,9.2144832,37.28,26.52,15.64,78.06,21.36,63.96,0
3/15/2022 12:00,49.12716318,9.2144832,35.19,25.13,14.59,70.18,18.93,76.75,0
3/16/2022 12:00,49.12716318,9.2144832,36.23,25.82,15.11,70.95,16.17,60.93,0
3/17/2022 12:00,49.12716318,9.2144832,33.02,23.68,13.51,63.39,20.8,73.45,0
3/18/2022 12:00,49.12716318,9.2144832,35.28,25.19,14.64,72.12,18.03,71.99,0
3/19/2022 12:00,49.12716318,9.2144832,36.07,25.71,15.03,79.2,20.16,63.16,0
3/20/2022 12:00,49.12716318,9.2144832,36.2,25.8,15.1,62.31,19.61,68.06,0
3/21/2022 12:00,49.12716318,9.2144832,33.34,23.89,13.67,67.59,19.61,76.56,0
3/22/2022 12:00,49.12716318,9.2144832,41.2,29.13,17.6,72.21,20.32,70.25,0
3/23/2022 12:00,49.12716318,9.2144832,37.83,26.89,15.92,58.07,23.15,77.26,0
3/24/2022 12:00,49.12716318,9.2144832,37.62,26.75,15.81,58.77,21.31,71.06,0
3/25/2022 12:00,49.12716318,9.2144832,41.46,29.31,17.73,81.03,18.11,73.21,0
3/26/2022 12:00,49.12716318,9.2144832,35.76,25.51,14.88,67.19,21.5,73.48,0
3/27/2022 12:00,49.12716318,9.2144832,36.77,26.18,15.38,76.17,16.99,71.94,0
3/28/2022 12:00,49.12716318,9.2144832,39.27,27.85,16.64,73.11,19.47,70.28,0
3/29/2022 12:00,49.12716318,9.2144832,39.41,27.94,16.7,62.78,20.13,77.91,0
3/30/2022 12:00,49.12716318,9.2144832,35.86,25.57,14.93,73.07,18.31,70.78,0
3/31/2022 12:00,49.12716318,9.2144832,40.87,28.92,17.44,67.91,18.05,69.05,0
4/1/2022 12:00,49.12716318,9.2144832,37.87,26.92,15.94,68.36,17.98,80.65,0
4/2/2022 12:00,49.12716318,9.2144832,37.67,26.78,15.83,75.82,18.48,75.29,0
4/3/2022 12:00,49.12716318,9.2144832,33.86,24.24,13.93,61.33,19.44,76.5,0
4/4/2022 12:00,49.12716318,9.2144832,40.05,28.37,17.02,53.24,20.26,72.7,0
4/5/2022 12:00,49.12716318,9.2144832,28.33,25.78,15.09,65.92,15.87,73.97,1
4/6/2022 12:00,49.12716318,9.2144832,35.82,25.55,14.91,64.59,19.76,68.23,0
4/7/2022 12:00,49.12716318,9.2144832,32.05,23.03,13.02,80.07,21.06,69.8,0
4/8/2022 12:00,49.12716318,9.2144832,38.65,27.43,16.32,71.64,21.63,77.31,0
4/9/2022 12:00,49.12716318,9.2144832,34.96,24.98,14.48,63.17,20.79,84.34,0
4/10/2022 12:00,49.12716318,9.2144832,37.7,26.8,15.85,68.15,19.91,69.97,0
4/11/2022 12:00,49.12716318,9.2144832,36.6,26.07,15.3,58.97,20.44,74.33,0
4/12/2022 12:00,49.12716318,9.2144832,38.56,27.37,16.28,63.45,20.55,63.33,0
4/13/2022 12:00,49.12716318,9.2144832,34.64,24.76,14.32,67.81,18.19,71.04,0
4/14/2022 12:00,49.12716318,9.2144832,40.16,28.44,17.08,73.34,18.48,73.28,0
4/15/2022 12:00,49.12716318,9.2144832,35.08,25.05,14.54,69.27,14.05,62.46,0
4/16/2022 12:00,49.12716318,9.2144832,40.1,28.4,17.05,62.17,20.41,69.8,0
4/17/2022 12:00,49.12716318,9.2144832,36.38,25.92,15.19,69.74,21.61,72.52,0
4/18/2022 12:00,49.12716318,9.2144832,36.51,26.01,15.25,67.35,21.33,68.39,0
4/19/2022 12:00,49.12716318,9.2144832,38.87,27.58,16.43,72.88,16.79,76.79,0
4/20/2022 12:00,49.12716318,9.2144832,40.97,28.98,17.49,64.88,22.48,64.56,0
4/21/2022 12:00,49.12716318,9.2144832,39.42,27.95,16.71,64.54,17.32,69.49,0
4/22/2022 12:00,49.12716318,9.2144832,37.72,26.81,15.86,65.44,18.92,73.45,0
4/23/2022 12:00,49.12716318,9.2144832,35.66,25.44,14.83,69.9,16.68,61.98,0
4/24/2022 12:00,49.12716318,9.2144832,39.72,28.15,16.86,70.48,21.72,81.89,0
4/25/2022 12:00,49.12716318,9.2144832,36.83,26.22,15.41,71.96,20.96,72.74,0
4/26/2022 12:00,49.12716318,9.2144832,35.78,25.52,14.89,64.42,18.95,67.71,0
4/27/2022 12:00,49.12716318,9.2144832,38.43,27.29,16.22,75.3,18.97,71.9,0
4/28/2022 12:00,49.12716318,9.2144832,39.19,27.79,,74.04,19.27,73.35,1
4/29/2022 12:00,49.12716318,9.2144832,36.91,26.27,15.45,69.9,18.98,69.86,0
4/30/2022 12:00,49.12716318,9.2144832,36.07,25.71,15.03,72.84,17.76,71.81,0
5/1/2022 12:00,49.12716318,9.2144832,37.28,26.52,15.64,63.04,23.1,67.46,0
5/2/2022 12:00,49.12716318,9.2144832,38.65,27.43,16.32,57.62,20.21,76.31,0
5/3/2022 12:00,49.12716318,9.2144832,33.33,23.89,13.67,68.26,16.39,74.15,0
5/4/2022 12:00,49.12716318,9.2144832,32.17,23.12,13.09,66.35,16.86,78.67,0
5/5/2022 12:00,49.12716318,9.2144832,36.68,26.12,15.34,60.4,19.46,66.99,0
5/6/2022 12:00,49.12716318,9.2144832,35.53,25.35,14.77,74.43,17.86,65.38,0
5/7/2022 12:00,49.12716318,9.2144832,30.39,21.93,12.2,66.53,14.67,75.06,0
5/8/2022 12:00,49.12716318,9.2144832,37.38,26.59,15.69,62.08,18.77,71.94,0
5/9/2022 12:00,49.12716318,9.2144832,34.61,24.74,14.3,66.63,20.22,79.8,0
5/10/2022 12:00,49.12716318,9.2144832,35.9,25.6,14.95,64.53,21.73,65.41,0
5/11/2022 12:00,49.12716318,9.2144832,32.89,23.6,13.45,70.02,18.25,68.15,0
5/12/2022 12:00,49.12716318,9.2144832,36.19,25.79,15.09,56.3,18.66,70.18,0
5/13/2022 12:00,49.12716318,9.2144832,40.31,28.54,17.16,81.52,16.96,77.52,0
5/14/2022 12:00,49.12716318,9.2144832,39.51,28.01,16.76,65.71,16.62,62.42,0
5/15/2022 12:00,49.12716318,9.2144832,33.53,24.02,13.77,71.63,18.2,81.39,0
5/16/2022 12:00,49.12716318,9.2144832,37.45,26.63,15.73,64.58,14.58,69.95,0
5/17/2022 12:00,49.12716318,9.2144832,39.66,28.11,16.83,56.19,17.21,66.19,0
5/18/2022 12:00,49.12716318,9.2144832,36.34,25.89,15.17,69.35,16.61,72.14,0
5/19/2022 12:00,49.12716318,9.2144832,38.79,27.53,16.4,66.77,22.06,67.48,0
5/20/2022 12:00,49.12716318,9.2144832,37.67,26.78,15.84,66.85,16.44,63,0
5/21/2022 12:00,49.12716318,9.2144832,33.31,23.87,13.65,58.28,19.05,76.36,0
5/22/2022 12:00,49.12716318,9.2144832,39.11,27.74,16.55,78.63,17.09,71.25,0
5/23/2022 12:00,49.12716318,9.2144832,38.08,27.05,16.04,70.25,16.19,63.94,0
5/24/2022 12:00,49.12716318,9.2144832,39.15,27.76,16.57,72.33,17.34,70.18,0
5/25/2022 12:00,49.12716318,9.2144832,35.82,25.55,14.91,67.33,20.28,64.71,0
5/26/2022 12:00,49.12716318,9.2144832,36.17,25.78,,67.04,14.78,68.99,1
5/27/2022 12:00,49.12716318,9.2144832,29.65,21.43,11.83,72.76,20.87,69.76,0
5/28/2022 12:00,49.12716318,9.2144832,38.03,27.02,16.02,74.5,14.27,69.61,0
5/29/2022 12:00,49.12716318,9.2144832,34.41,24.61,14.21,70.41,14.58,69.77,0
5/30/2022 12:00,49.12716318,9.2144832,39.05,27.7,16.52,65.03,13.94,73.78,0
5/31/2022 12:00,49.12716318,9.2144832,32.72,23.48,13.36,77.32,16.14,64.98,0
6/1/2022 12:00,49.12716318,9.2144832,35.2,25.13,14.6,67.79,18.73,60.04,0
6/2/2022 12:00,49.12716318,9.2144832,35.53,25.35,14.76,79,11.21,57.54,0
6/3/2022 12:00,49.12716318,9.2144832,36.33,25.89,15.16,65.19,16.14,65.09,0
6/4/2022 12:00,49.12716318,9.2144832,34.3,24.53,14.15,73.26,16.7,74.22,0
6/5/2022 12:00,49.12716318,9.2144832,36.53,26.02,15.26,60.79,15.58,79.82,0
6/6/2022 12:00,49.12716318,9.2144832,37.1,26.4,15.55,60.74,12.53,69.78,0
6/7/2022 12:00,49.12716318,9.2144832,36.69,26.13,15.34,79.03,18.47,74.1,0
6/8/2022 12:00,49.12716318,9.2144832,32,23,13,59.17,14.71,74.07,0
6/9/2022 12:00,49.12716318,9.2144832,33,23.67,13.5,71.01,13.23,69.48,0
6/10/2022 12:00,49.12716318,9.2144832,28.99,20.99,11.49,65.11,13.74,69.43,0
6/11/2022 12:00,49.12716318,9.2144832,24.63,18.09,9.32,65.95,12.04,63.51,0
6/12/2022 12:00,49.12716318,9.2144832,34.97,24.98,14.49,70.36,12.37,83.56,0
6/13/2022 12:00,49.12716318,9.2144832,36.23,25.82,15.11,59.29,13.98,71.28,0
6/14/2022 12:00,49.12716318,9.2144832,33.76,24.17,13.88,64.46,14.81,64.39,0
6/15/2022 12:00,49.12716318,9.2144832,32.47,23.32,13.24,71.27,12.17,67.2,0
6/16/2022 12:00,49.12716318,9.2144832,28.7,20.8,11.35,53.73,13.78,66.8,0
6/17/2022 12:00,49.12716318,9.2144832,35.28,25.19,14.64,64.05,9.91,65.22,0
6/18/2022 12:00,49.12716318,9.2144832,30.01,21.67,12,99.56,14.49,50.39,1
6/19/2022 12:00,49.12716318,9.2144832,29.67,21.44,11.83,70.4,14.3,58.54,0
6/20/2022 12:00,49.12716318,9.2144832,33.88,24.26,13.94,62.69,12.59,65.37,0
6/21/2022 12:00,49.12716318,9.2144832,30.27,21.85,12.13,60.87,11.93,58.87,0
6/22/2022 12:00,49.12716318,9.2144832,34.4,24.6,14.2,58.19,11.35,75.91,0
6/23/2022 12:00,49.12716318,9.2144832,33.41,23.94,13.71,63.07,12.57,72.37,0
6/24/2022 12:00,49.12716318,9.2144832,30.83,22.22,12.41,57.54,11.76,57.88,0
6/25/2022 12:00,49.12716318,9.2144832,33.04,23.69,13.52,51.63,10.87,73.76,0
6/26/2022 12:00,49.12716318,9.2144832,31.42,22.61,12.71,55.66,9.2,72.72,0
6/27/2022 12:00,49.12716318,9.2144832,32.13,23.09,13.06,61.7,12.91,68.25,0
6/28/2022 12:00,49.12716318,9.2144832,32.99,23.66,13.49,67.56,8.89,65.98,0
6/29/2022 12:00,49.12716318,9.2144832,,22.03,12.27,58.44,9.66,71.97,1
6/30/2022 12:00,49.12716318,9.2144832,29.76,21.5,11.88,71,13.2,63.61,0
7/1/2022 12:00,49.12716318,9.2144832,35.26,25.18,14.63,65.85,11.26,65.1,0
7/2/2022 12:00,49.12716318,9.2144832,33.52,24.02,13.76,61.81,13.46,65.16,0
7/3/2022 12:00,49.12716318,9.2144832,30.08,21.72,12.04,64.68,11.04,69.25,0
7/4/2022 12:00,49.12716318,9.2144832,26.72,19.48,10.36,57.37,11.73,68.98,0
7/5/2022 12:00,49.12716318,9.2144832,32.82,23.55,13.41,48.99,8.63,65.7,0
7/6/2022 12:00,49.12716318,9.2144832,31.12,22.41,12.56,61.51,12.28,67.38,0
7/7/2022 12:00,49.12716318,9.2144832,33.1,23.74,13.55,66.09,12.1,75.86,0
7/8/2022 12:00,49.12716318,9.2144832,37.5,26.67,15.75,54.79,9.78,71.67,0
7/9/2022 12:00,49.12716318,9.2144832,30.77,22.18,12.38,63.71,8.79,63.06,0
7/10/2022 12:00,49.12716318,9.2144832,32.58,23.39,13.29,52.18,7.98,59.26,0
7/11/2022 12:00,49.12716318,9.2144832,31.08,22.39,12.54,50.46,8.39,56.73,0
7/12/2022 12:00,49.12716318,9.2144832,28.73,20.82,11.36,61.56,10.94,63.78,0
7/13/2022 12:00,49.12716318,9.2144832,29.62,21.41,11.81,48.77,12.76,61.4,1
7/14/2022 12:00,49.12716318,9.2144832,30.12,21.75,12.06,48.77,8.42,84.09,1
7/15/2022 12:00,49.12716318,9.2144832,29.23,21.16,11.62,66.88,11.9,64.31,0
7/16/2022 12:00,49.12716318,9.2144832,29.59,21.39,11.8,,12.35,63.28,1
7/17/2022 12:00,49.12716318,9.2144832,27.94,20.29,10.97,52.98,7.11,59.36,0
7/18/2022 12:00,49.12716318,9.2144832,31.9,22.93,12.95,55.49,12.83,51.9,0
7/19/2022 12:00,49.12716318,9.2144832,35.24,25.16,14.62,61.82,9.49,63.09,0
7/20/2022 12:00,49.12716318,9.2144832,31.91,22.94,12.96,50.65,7.35,60.88,0
7/21/2022 12:00,49.12716318,9.2144832,33.28,23.85,13.64,54.51,7.98,61.35,0
7/22/2022 12:00,49.12716318,9.2144832,30.22,21.82,12.11,60.71,11.57,60.01,0
7/23/2022 12:00,49.12716318,9.2144832,28.6,20.74,11.3,58.37,11.67,59.65,0
7/24/2022 12:00,49.12716318,9.2144832,33.47,23.98,13.74,43.48,6.69,63.24,0
7/25/2022 12:00,49.12716318,9.2144832,33.18,23.78,13.59,61.67,5.26,59.34,0
7/26/2022 12:00,49.12716318,9.2144832,32.42,23.28,13.21,51.9,7.54,61.95,0
7/27/2022 12:00,49.12716318,9.2144832,30.89,22.26,12.44,52.1,5.08,69.23,0
7/28/2022 12:00,49.12716318,9.2144832,34.24,24.5,14.12,56.39,6.9,68.29,0
7/29/2022 12:00,49.12716318,9.2144832,30.53,22.02,12.26,57.47,9.3,64.19,0
7/30/2022 12:00,49.12716318,9.2144832,33.95,24.3,13.98,59.49,3.46,60.09,0
7/31/2022 12:00,49.12716318,9.2144832,25.55,18.7,9.77,43.31,8.93,61.71,0
8/1/2022 12:00,49.12716318,9.2144832,28.04,20.36,11.02,54.65,7.37,52.68,0
8/2/2022 12:00,49.12716318,9.2144832,28.25,20.5,11.12,60.97,4.45,71.42,0
8/3/2022 12:00,49.12716318,9.2144832,29.69,21.46,11.84,58.07,3.88,61.26,0
8/4/2022 12:00,49.12716318,9.2144832,29.79,21.53,11.9,57.02,3.64,62.48,0
8/5/2022 12:00,49.12716318,9.2144832,30.4,21.94,12.2,46.57,6.36,60.26,0
8/6/2022 12:00,49.12716318,9.2144832,31.61,22.74,12.8,48.62,5.23,55.38,0
8/7/2022 12:00,49.12716318,9.2144832,32.24,23.16,13.12,62.04,7.16,58.98,0
8/8/2022 12:00,49.12716318,9.2144832,31.09,22.39,12.54,60.75,7.76,57.28,0
8/9/2022 12:00,49.12716318,9.2144832,26.76,19.5,10.38,60.64,7.21,51.04,0
8/10/2022 12:00,49.12716318,9.2144832,26.13,19.08,10.06,62.45,6.08,77.37,0
8/11/2022 12:00,49.12716318,9.2144832,27.74,20.16,10.87,62.51,6.9,64.85,0
8/12/2022 12:00,49.12716318,9.2144832,28.4,20.6,11.2,50.8,2.58,60.4,0
8/13/2022 12:00,49.12716318,9.2144832,30.02,21.68,12.01,65.46,2.38,61.33,0
8/14/2022 12:00,49.12716318,9.2144832,28.2,20.47,11.1,57.64,4.8,57.13,0
8/15/2022 12:00,49.12716318,9.2144832,29.82,21.55,11.91,50.26,6.63,61.68,0
8/16/2022 12:00,49.12716318,9.2144832,25.59,18.73,9.8,57.08,5.57,64.13,0
8/17/2022 12:00,49.12716318,9.2144832,29.87,21.58,11.93,53.33,7.01,65.11,0
8/18/2022 12:00,49.12716318,9.2144832,31.35,22.56,12.67,52.62,1.08,67.15,0
8/19/2022 12:00,49.12716318,9.2144832,25.74,18.82,9.87,43.76,5.44,57.16,0
8/20/2022 12:00,49.12716318,9.2144832,27.91,38.41,10.95,60.36,2.76,62.69,1
8/21/2022 12:00,49.12716318,9.2144832,25.26,18.51,9.63,61.52,2.59,61.91,0
8/22/2022 12:00,49.12716318,9.2144832,29.32,21.21,11.66,49.43,4.11,62.08,0
8/23/2022 12:00,49.12716318,9.2144832,29.52,21.35,11.76,53.36,0.58,67.64,0
8/24/2022 12:00,49.12716318,9.2144832,26.45,19.3,10.22,52.48,3.07,61.12,0
8/25/2022 12:00,49.12716318,9.2144832,28.11,20.41,11.06,54.55,4.23,60.2,0
8/26/2022 12:00,49.12716318,9.2144832,26,19,10,62.55,3.85,55.79,0
8/27/2022 12:00,49.12716318,9.2144832,25.49,18.66,9.75,50.19,0.65,58.28,0
8/28/2022 12:00,49.12716318,9.2144832,23.71,17.47,8.85,52.75,3.34,61.57,0
8/29/2022 12:00,49.12716318,9.2144832,29.43,21.29,11.72,49.31,0.19,56.93,0
8/30/2022 12:00,49.12716318,9.2144832,27.43,19.95,10.71,55.41,3.69,51.79,0
8/31/2022 12:00,49.12716318,9.2144832,30.03,21.69,12.02,59.34,-0.49,57.33,0
9/1/2022 12:00,49.12716318,9.2144832,28.95,20.97,11.47,62.99,1.71,57.28,0
9/2/2022 12:00,49.12716318,9.2144832,29.64,21.43,11.82,46.92,3.81,58.44,0
9/3/2022 12:00,49.12716318,9.2144832,26.47,19.31,10.23,47.31,4.68,68.71,0
9/4/2022 12:00,49.12716318,9.2144832,27.04,19.69,10.52,47.69,0.17,68.23,0
9/5/2022 12:00,49.12716318,9.2144832,25.7,18.8,9.85,56.43,1.57,52.51,0
9/6/2022 12:00,49.12716318,9.2144832,25.98,18.99,9.99,51.41,-0.5,59,0
9/7/2022 12:00,49.12716318,9.2144832,23.51,17.34,8.75,55.02,1.87,55.27,0
9/8/2022 12:00,49.12716318,9.2144832,32.26,23.17,13.13,42.61,1.26,58.18,0
9/9/2022 12:00,49.12716318,9.2144832,24.59,18.06,9.3,45.73,0.9,62.62,0
9/10/2022 12:00,49.12716318,9.2144832,26.32,19.21,10.16,47.07,0.31,55.91,0
9/11/2022 12:00,49.12716318,9.2144832,27.84,20.22,10.92,50.34,3.3,55.74,0
9/12/2022 12:00,49.12716318,9.2144832,27.66,20.1,10.83,55.78,2.99,57.45,0
9/13/2022 12:00,49.12716318,9.2144832,30.33,21.89,12.16,55.75,-1.01,53.35,0
9/14/2022 12:00,49.12716318,9.2144832,24.58,18.05,9.29,50.03,2.23,45.42,0
9/15/2022 12:00,49.12716318,9.2144832,27.04,19.7,10.52,53.75,1.49,65.41,0
9/16/2022 12:00,49.12716318,9.2144832,26.82,19.55,10.41,54.39,0.52,60.32,0
9/17/2022 12:00,49.12716318,9.2144832,25.92,18.95,9.96,44.07,2.11,49.54,0
9/18/2022 12:00,49.12716318,9.2144832,30.75,22.17,12.38,56.31,4.02,50.14,0
9/19/2022 12:00,49.12716318,9.2144832,28.86,20.91,11.43,48.91,3.36,57.98,0
9/20/2022 12:00,49.12716318,9.2144832,25.3,18.54,9.65,57.58,0.84,51.09,0
9/21/2022 12:00,49.12716318,9.2144832,26.84,19.56,10.42,47.27,2.74,63.32,0
9/22/2022 12:00,49.12716318,9.2144832,27.84,20.23,10.92,58.99,3.35,69.26,0
9/23/2022 12:00,49.12716318,9.2144832,26.11,19.07,10.05,49.83,-3.35,62.32,0
9/24/2022 12:00,49.12716318,9.2144832,27.66,20.11,10.83,42.21,-0.28,48.16,0
9/25/2022 12:00,49.12716318,9.2144832,27.23,19.82,10.61,51.86,1.42,72.28,0
9/26/2022 12:00,49.12716318,9.2144832,31.39,22.59,12.69,57.33,2.1,58.16,0
9/27/2022 12:00,49.12716318,9.2144832,27.53,16.38,10.77,55.76,4.59,47.26,1
9/28/2022 12:00,49.12716318,9.2144832,27.92,25.25,10.96,55.47,0.59,48.46,1
9/29/2022 12:00,49.12716318,9.2144832,27.39,25.25,10.69,46.22,2.59,60.4,1
9/30/2022 12:00,49.12716318,9.2144832,27.82,20.21,10.91,51.96,4.13,64.94,0
10/1/2022 12:00,49.12716318,9.2144832,25.63,18.75,9.81,50.8,-0.91,62.09,0
10/2/2022 12:00,49.12716318,9.2144832,30.84,22.23,12.42,50.9,1.95,59.24,0
10/3/2022 12:00,49.12716318,9.2144832,27.19,19.79,10.59,50.11,-1.77,55.37,0
10/4/2022 12:00,49.12716318,9.2144832,28.9,20.93,,58.06,1.38,54.83,1
10/5/2022 12:00,49.12716318,9.2144832,25.6,18.73,9.8,44.72,3.01,44.14,0
10/6/2022 12:00,49.12716318,9.2144832,24.15,17.77,9.08,51.35,-0.57,58.51,0
10/7/2022 12:00,49.12716318,9.2144832,26.19,19.13,10.1,44.76,1.39,54.83,0
10/8/2022 12:00,49.12716318,9.2144832,30.3,21.87,12.15,55.05,3.41,61.97,0
10/9/2022 12:00,49.12716318,9.2144832,28.04,20.36,11.02,,0.43,57.16,1
10/10/2022 12:00,49.12716318,9.2144832,24.84,18.23,9.42,43.2,1.24,51.93,0
10/11/2022 12:00,49.12716318,9.2144832,23.7,17.47,8.85,47.43,2.87,59.51,0
10/12/2022 12:00,49.12716318,9.2144832,59.83,17.48,8.86,49.59,1.81,53.98,1
10/13/2022 12:00,49.12716318,9.2144832,26.97,19.65,10.49,56.26,5.39,65.51,0
10/14/2022 12:00,49.12716318,9.2144832,24.41,17.94,9.2,54.77,3.13,43.32,0
10/15/2022 12:00,49.12716318,9.2144832,29.69,21.46,11.85,61.75,-0.18,65.37,0
10/16/2022 12:00,49.12716318,9.2144832,21.29,15.86,7.05,58.71,3.89,66.51,1
10/17/2022 12:00,49.12716318,9.2144832,29.48,21.32,11.74,43.79,0.19,60.53,0
10/18/2022 12:00,49.12716318,9.2144832,28.47,20.65,11.24,55.67,3.3,47.78,0
10/19/2022 12:00,49.12716318,9.2144832,25.44,18.62,9.72,49.13,2.24,60.38,0
10/20/2022 12:00,49.12716318,9.2144832,29.81,17.48,11.9,49.32,2.5,53.88,1
10/21/2022 12:00,49.12716318,9.2144832,29.36,21.24,11.68,57.35,1.52,51.72,0
10/22/2022 12:00,49.12716318,9.2144832,28.46,20.64,11.23,52.82,2.55,50.74,0
10/23/2022 12:00,49.12716318,9.2144832,27.71,20.14,10.86,53.65,3.32,54.26,0
10/24/2022 12:00,49.12716318,9.2144832,29.32,21.21,11.66,50.53,2.79,57.93,0
10/25/2022 12:00,49.12716318,9.2144832,,23.89,13.67,50.52,0.17,56.68,1
10/26/2022 12:00,49.12716318,9.2144832,26.02,19.01,10.01,57.17,1.13,49.79,0
10/27/2022 12:00,49.12716318,9.2144832,60.15,17.5,17.44,61.59,2.08,56.92,1
10/28/2022 12:00,49.12716318,9.2144832,28.6,20.73,11.3,60.95,2.43,53.4,0
10/29/2022 12:00,49.12716318,9.2144832,27.67,20.11,10.83,51.75,5.17,72.3,0
10/30/2022 12:00,49.12716318,9.2144832,30.39,21.92,12.19,43.76,2.38,59.23,0
10/31/2022 12:00,49.12716318,9.2144832,28.1,20.4,11.05,54.57,1.2,54.33,0
11/1/2022 12:00,49.12716318,9.2144832,27.64,20.09,10.82,62.84,0.82,58.6,0
11/2/2022 12:00,49.12716318,9.2144832,27.29,19.86,10.65,58.84,5.52,68.78,0
11/3/2022 12:00,49.12716318,9.2144832,28.18,20.45,11.09,44.47,2.46,60.78,0
11/4/2022 12:00,49.12716318,9.2144832,29.19,21.13,11.59,49.63,1.8,53.91,0
11/5/2022 12:00,49.12716318,9.2144832,27.1,19.73,10.55,54.98,2.68,51.05,0
11/6/2022 12:00,49.12716318,9.2144832,27.32,19.88,10.66,47.12,5.96,68.45,0
11/7/2022 12:00,49.12716318,9.2144832,29.44,21.3,11.72,52.97,1.04,55.55,0
11/8/2022 12:00,49.12716318,9.2144832,27.59,20.06,10.79,,5.2,55.62,1
11/9/2022 12:00,49.12716318,9.2144832,26.95,19.63,10.47,53.53,6.33,60.65,0
11/10/2022 12:00,49.12716318,9.2144832,27.42,19.95,10.71,56.14,5.6,57.57,0
11/11/2022 12:00,49.12716318,9.2144832,29.95,21.63,11.98,54.64,2.36,61.6,0
11/12/2022 12:00,49.12716318,9.2144832,29.42,21.28,11.71,59.15,4.65,48.57,0
11/13/2022 12:00,49.12716318,9.2144832,29.54,21.36,11.77,51.41,0.68,57.84,0
11/14/2022 12:00,49.12716318,9.2144832,31.48,22.65,12.74,48.86,4.38,56.86,0
11/15/2022 12:00,49.12716318,9.2144832,30.78,22.19,12.39,46.8,3.13,48.59,0
11/16/2022 12:00,49.12716318,9.2144832,24.27,17.84,9.13,43.13,2.68,57.86,0
11/17/2022 12:00,49.12716318,9.2144832,28.81,20.87,11.41,51.16,5.17,59.06,0
11/18/2022 12:00,49.12716318,9.2144832,29.38,21.25,11.69,55.99,6.98,62.54,0
11/19/2022 12:00,49.12716318,9.2144832,30.5,22,12.25,56.66,4.53,65.66,0
11/20/2022 12:00,49.12716318,9.2144832,29.25,21.16,11.62,54.88,3.28,54.03,0
11/21/2022 12:00,49.12716318,9.2144832,29.97,21.65,11.98,53.49,7,63.84,0
11/22/2022 12:00,49.12716318,9.2144832,28.13,20.42,11.06,54.69,1.48,59.91,0
11/23/2022 12:00,49.12716318,9.2144832,31.04,22.36,12.52,61.38,-0.3,56.74,0
11/24/2022 12:00,49.12716318,9.2144832,27.98,20.32,10.99,65.71,5.7,53.62,0
11/25/2022 12:00,49.12716318,9.2144832,27.54,20.03,10.77,80.88,6.98,62.8,1
11/26/2022 12:00,49.12716318,9.2144832,29.85,21.57,11.92,80.88,6.11,61.07,1
11/27/2022 12:00,49.12716318,9.2144832,31.95,22.97,12.97,58.39,8.1,63.32,0
11/28/2022 12:00,49.12716318,9.2144832,27.01,19.67,10.5,60.35,4.98,57.94,0
11/29/2022 12:00,49.12716318,9.2144832,28.67,34.11,11.34,60.51,7.13,57.32,1
11/30/2022 12:00,49.12716318,9.2144832,30.54,22.03,12.27,41.41,5.08,67.16,0
12/1/2022 12:00,49.12716318,9.2144832,32.79,23.53,13.39,59.34,7.12,64.84,0
12/2/2022 12:00,49.12716318,9.2144832,26.66,19.44,10.33,50.92,9.34,61.21,0
12/3/2022 12:00,49.12716318,9.2144832,32.17,23.12,13.09,55.13,9.45,54.74,0
12/4/2022 12:00,49.12716318,9.2144832,26.74,19.25,10.19,48.53,8.8,49.81,1
12/5/2022 12:00,49.12716318,9.2144832,26.42,19.28,10.21,57.75,6.02,62.14,0
12/6/2022 12:00,49.12716318,9.2144832,27.52,20.01,10.76,59.65,6.9,54.76,0
12/7/2022 12:00,49.12716318,9.2144832,29.67,21.45,11.84,64.31,3.89,66.74,0
12/8/2022 12:00,49.12716318,9.2144832,31.5,22.67,12.75,59.9,7.57,53.95,0
12/9/2022 12:00,49.12716318,9.2144832,32.31,23.21,13.16,59.47,7.48,60.23,0
12/10/2022 12:00,49.12716318,9.2144832,28.28,20.52,11.14,70.4,6.13,64.12,0
12/11/2022 12:00,49.12716318,9.2144832,27.61,20.07,10.8,60.38,8.5,74.8,0
12/12/2022 12:00,49.12716318,9.2144832,29.38,21.25,11.69,56.54,6.4,64.8,0
12/13/2022 12:00,49.12716318,9.2144832,32.37,23.25,13.18,62.38,7.11,62.79,0
12/14/2022 12:00,49.12716318,9.2144832,33.77,24.18,13.88,58.59,8.97,64,0
12/15/2022 12:00,49.12716318,9.2144832,29.52,21.34,11.76,63.58,5.37,70.77,0
12/16/2022 12:00,49.12716318,9.2144832,30.34,21.89,12.17,59.06,10.21,61.37,0
12/17/2022 12:00,49.12716318,9.2144832,33.13,23.75,17.04,54.05,7.29,65.7,1
12/18/2022 12:00,49.12716318,9.2144832,34.52,24.68,17.04,61.24,7.42,56.68,1
12/19/2022 12:00,49.12716318,9.2144832,31.6,22.74,12.8,54.46,6.91,59.54,0
12/20/2022 12:00,49.12716318,9.2144832,32.43,23.28,13.21,62.72,7.14,75.82,0
12/21/2022 12:00,49.12716318,9.2144832,27.82,20.21,10.91,53.57,9.81,66.91,0
12/22/2022 12:00,49.12716318,9.2144832,29.98,21.65,11.99,55.12,6.9,69.9,0
12/23/2022 12:00,49.12716318,9.2144832,28.87,20.91,11.44,59.57,6.75,69.81,0
12/24/2022 12:00,49.12716318,9.2144832,30.76,22.17,12.38,50.37,10.72,56.35,0
12/25/2022 12:00,49.12716318,9.2144832,29.09,21.06,11.55,58.69,12.58,68.92,0
12/26/2022 12:00,49.12716318,9.2144832,28.42,20.61,11.21,61.01,12.3,46.87,0
12/27/2022 12:00,49.12716318,9.2144832,28.68,20.78,11.34,65.79,10.49,70.99,0
12/28/2022 12:00,49.12716318,9.2144832,36.44,25.96,15.22,72.6,8.41,56.29,0
12/29/2022 12:00,49.12716318,9.2144832,30.48,21.98,12.24,60.89,9.96,63.05,0
12/30/2022 12:00,49.12716318,9.2144832,33.03,23.69,16.03,58.6,9.65,55.48,1
12/31/2022 12:00,49.12716318,9.2144832,34.38,24.59,16.03,55.23,14.62,52.92,1
1/1/2023 12:00,49.12716318,9.2144832,31.85,22.9,12.92,58.09,12.44,69.33,0
1/2/2023 12:00,49.12716318,9.2144832,29.55,21.37,11.77,60.78,16.88,58.92,0
1/3/2023 12:00,49.12716318,9.2144832,32.51,23.34,13.25,53.27,9.54,68.49,0
1/4/2023 12:00,49.12716318,9.2144832,31.77,22.85,12.88,,11.4,64.6,1
1/5/2023 12:00,49.12716318,9.2144832,27.15,19.77,10.58,62.97,12.25,60.98,0
1/6/2023 12:00,49.12716318,9.2144832,36.92,26.28,15.46,58.9,10.62,65.32,0
1/7/2023 12:00,49.12716318,9.2144832,33.45,23.96,13.72,69.76,8.71,66.7,0
1/8/2023 12:00,49.12716318,9.2144832,36.83,26.22,15.42,61.7,13.67,64.32,0
1/9/2023 12:00,49.12716318,9.2144832,35.17,25.11,11.1,69.94,16.46,68.22,1
1/10/2023 12:00,49.12716318,9.2144832,30.34,21.9,12.17,55.05,10.09,61.22,0
1/11/2023 12:00,49.12716318,9.2144832,29.67,21.44,11.83,50.71,13.63,60.82,0
1/12/2023 12:00,49.12716318,9.2144832,31,22.33,9.88,68.75,12.1,70.52,1
1/13/2023 12:00,49.12716318,9.2144832,24.86,20.67,11.25,65.55,11.78,68.55,1
1/14/2023 12:00,49.12716318,9.2144832,32.84,23.56,13.42,64.58,11.47,68.9,0
1/15/2023 12:00,49.12716318,9.2144832,32.79,23.53,13.4,65.71,11.04,74.95,0
1/16/2023 12:00,49.12716318,9.2144832,30.54,22.03,12.27,76.49,12.32,68.92,1
1/17/2023 12:00,49.12716318,9.2144832,34.5,24.66,12.27,67.85,13.66,67.73,1
1/18/2023 12:00,49.12716318,9.2144832,34.86,24.91,14.43,68.27,15.36,66.65,0
1/19/2023 12:00,49.12716318,9.2144832,33.65,24.1,13.82,53.97,14.87,59.68,0
1/20/2023 12:00,49.12716318,9.2144832,33.51,24,13.75,66.85,10.99,71.84,0
1/21/2023 12:00,49.12716318,9.2144832,36.53,26.02,15.26,65.05,13.91,67.74,0
1/22/2023 12:00,49.12716318,9.2144832,28.94,20.96,11.47,38.54,13.68,76.69,1
1/23/2023 12:00,49.12716318,9.2144832,32.92,23.61,13.46,62.12,10.56,60.32,0
1/24/2023 12:00,49.12716318,9.2144832,35.89,25.59,14.94,67.95,13.67,63.42,0
1/25/2023 12:00,49.12716318,9.2144832,31.49,22.66,12.74,63.77,14.49,60.21,0
1/26/2023 12:00,49.12716318,9.2144832,35.38,25.26,14.69,56.35,13.35,76.75,0
1/27/2023 12:00,49.12716318,9.2144832,32.15,23.1,13.07,66.12,14.07,62.03,0
1/28/2023 12:00,49.12716318,9.2144832,36.98,26.32,15.49,65.06,14.43,63.26,0
1/29/2023 12:00,49.12716318,9.2144832,39.66,28.11,16.83,63.56,17.37,72.75,0
1/30/2023 12:00,49.12716318,9.2144832,32.21,23.14,13.1,57.36,15.11,76.15,0
1/31/2023 12:00,49.12716318,9.2144832,33.36,23.91,13.68,55.52,17.87,70.6,0
2/1/2023 12:00,49.12716318,9.2144832,32.73,23.49,13.36,59.29,13.13,69.68,0
2/2/2023 12:00,49.12716318,9.2144832,30.11,21.74,12.05,68.94,14.19,60.31,0
2/3/2023 12:00,49.12716318,9.2144832,37.63,26.75,15.82,67.66,16.77,79.3,0
2/4/2023 12:00,49.12716318,9.2144832,32.91,23.61,13.45,64.48,15.21,71.49,0
2/5/2023 12:00,49.12716318,9.2144832,34.38,24.59,14.19,54.41,16.99,66.56,0
2/6/2023 12:00,49.12716318,9.2144832,36.58,26.05,15.29,61.31,14.64,77.41,0
2/7/2023 12:00,49.12716318,9.2144832,35.51,25.34,14.76,76.7,14.78,67.06,0
2/8/2023 12:00,49.12716318,9.2144832,34.59,24.73,14.3,60.94,21.19,59.55,0
2/9/2023 12:00,49.12716318,9.2144832,36.46,25.97,15.23,60.93,15.13,62.13,0
2/10/2023 12:00,49.12716318,9.2144832,38.43,27.28,16.21,69.95,15.73,76.74,0
2/11/2023 12:00,49.12716318,9.2144832,32.15,23.1,13.08,72.86,14.35,72.63,0
2/12/2023 12:00,49.12716318,9.2144832,32.69,23.46,13.35,71.35,14.89,58.2,0
2/13/2023 12:00,49.12716318,9.2144832,33.37,23.91,13.69,61.21,16.81,70.58,0
2/14/2023 12:00,49.12716318,9.2144832,33.18,23.79,13.59,55.81,15.4,67.2,0
2/15/2023 12:00,49.12716318,9.2144832,39.88,28.25,16.94,73.26,17.78,66.47,0
2/16/2023 12:00,49.12716318,9.2144832,37.59,26.73,15.79,68.29,19.41,64.16,0
2/17/2023 12:00,49.12716318,9.2144832,36.3,25.87,15.15,58.04,14,77.66,0
2/18/2023 12:00,49.12716318,9.2144832,31.82,22.88,12.91,65.11,18.05,81.35,0
2/19/2023 12:00,49.12716318,9.2144832,33.4,23.93,13.7,57.08,21.74,75.84,0
2/20/2023 12:00,49.12716318,9.2144832,33.79,27.66,13.9,65.37,18.88,66.67,1
2/21/2023 12:00,49.12716318,9.2144832,33.18,27.66,13.59,68.84,18.56,79.1,1
2/22/2023 12:00,49.12716318,9.2144832,35.53,25.35,14.76,59.95,17.5,63.19,0
2/23/2023 12:00,49.12716318,9.2144832,34.66,24.78,14.33,66.11,19.12,70.97,0
2/24/2023 12:00,49.12716318,9.2144832,37.48,26.65,15.74,68.13,19.39,75.84,0
2/25/2023 12:00,49.12716318,9.2144832,37.59,26.72,15.79,72.03,16.61,79.02,0
2/26/2023 12:00,49.12716318,9.2144832,36.29,25.86,15.14,61.28,19.13,67.23,0
2/27/2023 12:00,49.12716318,9.2144832,37.48,26.66,15.74,65.37,17.04,69.02,0
2/28/2023 12:00,49.12716318,9.2144832,32.19,23.12,13.09,70.09,18.36,72.12,0
3/1/2023 12:00,49.12716318,9.2144832,33.7,24.13,13.85,70.42,17.97,66.25,0
3/2/2023 12:00,49.12716318,9.2144832,33.91,24.28,13.96,66.17,18.31,74.16,0
3/3/2023 12:00,49.12716318,9.2144832,35.66,25.44,14.83,73.44,20.85,75.17,0
3/4/2023 12:00,49.12716318,9.2144832,37.15,26.43,15.57,63.39,23.35,70.29,0
3/5/2023 12:00,49.12716318,9.2144832,37.55,26.7,15.78,65.26,19.86,68.14,0
3/6/2023 12:00,49.12716318,9.2144832,38.36,,16.18,56.75,19.47,65.65,1
3/7/2023 12:00,49.12716318,9.2144832,35.79,25.53,14.9,75.63,18.11,75.07,0
3/8/2023 12:00,49.12716318,9.2144832,36.24,25.83,15.12,59.44,18.23,81.29,1
3/9/2023 12:00,49.12716318,9.2144832,40.01,28.34,15.12,65.09,18.6,68.55,1
3/10/2023 12:00,49.12716318,9.2144832,38.44,27.29,16.22,72.92,19.94,60.41,0
3/11/2023 12:00,49.12716318,9.2144832,33.82,24.21,13.91,75.79,17.67,67.86,0
3/12/2023 12:00,49.12716318,9.2144832,35.34,25.23,14.67,64.44,17.2,68.85,0
3/13/2023 12:00,49.12716318,9.2144832,35.41,25.27,14.71,72.18,19.91,70.19,0
3/14/2023 12:00,49.12716318,9.2144832,31.54,22.69,12.77,73.2,16.98,71.57,0
3/15/2023 12:00,49.12716318,9.2144832,34.42,24.61,14.21,69.19,19.84,70.4,0
3/16/2023 12:00,49.12716318,9.2144832,33.96,24.31,13.98,66.35,16.43,66.3,0
3/17/2023 12:00,49.12716318,9.2144832,36.66,26.11,15.33,68.03,20.45,72.36,0
3/18/2023 12:00,49.12716318,9.2144832,34.9,24.93,14.45,68.14,20.1,68.53,0
3/19/2023 12:00,49.12716318,9.2144832,34.47,24.65,14.23,74.67,22.21,77.2,0
3/20/2023 12:00,49.12716318,9.2144832,39.54,28.03,16.77,84.2,23.44,72.48,0
3/21/2023 12:00,49.12716318,9.2144832,33.47,23.98,13.73,66.99,17.73,66.47,0
3/22/2023 12:00,49.12716318,9.2144832,42.26,29.84,18.13,74.02,18.52,73.23,0
3/23/2023 12:00,49.12716318,9.2144832,36.39,25.93,15.19,66.97,19.96,80.15,0
3/24/2023 12:00,49.12716318,9.2144832,32.44,23.29,13.22,69.34,19.15,65.11,0
3/25/2023 12:00,49.12716318,9.2144832,40.17,28.45,17.09,64.13,20.82,70.19,0
3/26/2023 12:00,49.12716318,9.2144832,35.24,25.16,14.62,72.6,19.33,73.2,0
3/27/2023 12:00,49.12716318,9.2144832,37.53,26.69,15.76,62.32,18.3,69.27,0
3/28/2023 12:00,49.12716318,9.2144832,36.73,26.15,15.36,74.51,20.86,75.1,0
3/29/2023 12:00,49.12716318,9.2144832,34.11,24.41,14.06,61.87,21.61,77.69,0
3/30/2023 12:00,49.12716318,9.2144832,34.22,24.48,14.11,68.45,19.67,73.07,0
3/31/2023 12:00,49.12716318,9.2144832,36.31,25.88,15.16,73.32,20.75,84.92,0
4/1/2023 12:00,49.12716318,9.2144832,35.47,25.32,14.74,99.32,18.3,76.14,1
4/2/2023 12:00,49.12716318,9.2144832,34.35,24.57,14.18,62.11,17.19,73.66,0
4/3/2023 12:00,49.12716318,9.2144832,60.56,26.12,15.34,79.54,20.59,73.57,1
4/4/2023 12:00,49.12716318,9.2144832,39.3,27.87,16.65,62.35,20.62,69.7,0
4/5/2023 12:00,49.12716318,9.2144832,37.24,26.5,15.62,57.18,18.58,65.6,0
4/6/2023 12:00,49.12716318,9.2144832,39.64,28.09,16.82,62.22,19.66,78.85,0
4/7/2023 12:00,49.12716318,9.2144832,32.59,23.39,13.29,65.99,21.75,84.69,0
4/8/2023 12:00,49.12716318,9.2144832,30.96,22.31,12.48,72.39,18.58,73.86,0
4/9/2023 12:00,49.12716318,9.2144832,36.46,25.98,15.23,74.45,17.18,80.82,0
4/10/2023 12:00,49.12716318,9.2144832,35.34,25.23,14.67,63.63,19.21,71.04,0
4/11/2023 12:00,49.12716318,9.2144832,35.25,25.17,14.63,64.76,22.62,80.39,0
4/12/2023 12:00,49.12716318,9.2144832,38.24,27.16,16.12,71.08,20.27,73.74,0
4/13/2023 12:00,49.12716318,9.2144832,35.43,25.29,14.71,68.94,19.26,70.94,0
4/14/2023 12:00,49.12716318,9.2144832,38.24,27.16,16.12,73.1,15.9,67.13,0
4/15/2023 12:00,49.12716318,9.2144832,34.04,24.36,14.02,70.52,23.32,74.73,0
4/16/2023 12:00,49.12716318,9.2144832,38.54,27.36,16.27,64.76,15.84,69.16,0
4/17/2023 12:00,49.12716318,9.2144832,37.81,26.87,15.91,62.63,22.11,80.04,0
4/18/2023 12:00,49.12716318,9.2144832,34.39,24.59,14.19,66.87,18.67,62.92,0
4/19/2023 12:00,49.12716318,9.2144832,39.62,28.08,16.81,61.04,15.68,73.1,0
4/20/2023 12:00,49.12716318,9.2144832,37.43,26.62,15.71,71.04,22.14,80.32,0
4/21/2023 12:00,49.12716318,9.2144832,38.42,27.28,16.21,68.99,17.58,67.54,0
4/22/2023 12:00,49.12716318,9.2144832,32.61,23.41,13.31,61.84,15.75,73.13,0
4/23/2023 12:00,49.12716318,9.2144832,31.62,22.75,12.81,68.97,20.04,70.82,0
4/24/2023 12:00,49.12716318,9.2144832,37.34,26.56,15.67,58.9,19.15,66.39,0
4/25/2023 12:00,49.12716318,9.2144832,39.66,28.11,15.98,67.73,18.36,75.99,1
4/26/2023 12:00,49.12716318,9.2144832,35.11,25.08,14.56,70.56,17.95,76.32,0
4/27/2023 12:00,49.12716318,9.2144832,38.61,27.41,16.31,64.64,20.93,77.16,0
4/28/2023 12:00,49.12716318,9.2144832,39.72,28.15,16.86,63.54,21.86,66.32,0
4/29/2023 12:00,49.12716318,9.2144832,35.57,25.38,14.79,62.05,19.61,69.55,0
4/30/2023 12:00,49.12716318,9.2144832,35.58,25.39,14.79,65.76,21.74,68.64,0
5/1/2023 12:00,49.12716318,9.2144832,37.55,26.7,15.77,73.93,18.64,65.81,0
5/2/2023 12:00,49.12716318,9.2144832,37.41,26.61,15.71,63.1,19.28,71.21,0
5/3/2023 12:00,49.12716318,9.2144832,37.67,26.78,15.84,62.29,20.48,61.8,0
5/4/2023 12:00,49.12716318,9.2144832,35.21,25.14,14.61,64.43,21.93,65.4,0
5/5/2023 12:00,49.12716318,9.2144832,35.61,25.41,13.37,66.78,17.3,71.21,1
5/6/2023 12:00,49.12716318,9.2144832,34.68,24.79,14.34,67.89,16.82,77.92,0
5/7/2023 12:00,49.12716318,9.2144832,37.09,26.39,15.54,60.08,18.17,65.39,0
5/8/2023 12:00,49.12716318,9.2144832,35.16,25.11,14.58,71.06,17.57,72.23,0
5/9/2023 12:00,49.12716318,9.2144832,37.75,26.83,15.87,66.18,20.28,66.77,0
5/10/2023 12:00,49.12716318,9.2144832,33.33,23.89,13.67,72.03,16.53,65.96,0
5/11/2023 12:00,49.12716318,9.2144832,34.24,24.5,14.12,67.45,18.12,67.1,0
5/12/2023 12:00,49.12716318,9.2144832,31.7,22.8,12.85,66.69,20.03,72.51,0
5/13/2023 12:00,49.12716318,9.2144832,36.49,25.99,15.24,59.63,20.96,79.76,0
5/14/2023 12:00,49.12716318,9.2144832,39.48,27.99,16.74,69.49,15.94,61.97,0
5/15/2023 12:00,49.12716318,9.2144832,37.55,26.7,15.77,62.52,18.09,84.87,0
5/16/2023 12:00,49.12716318,9.2144832,27.55,20.03,10.77,63.91,15.05,67.41,0
5/17/2023 12:00,49.12716318,9.2144832,31.94,22.96,12.97,63.44,15.27,70.88,0
5/18/2023 12:00,49.12716318,9.2144832,33.74,24.16,13.87,63.24,16.19,71.21,0
5/19/2023 12:00,49.12716318,9.2144832,34.27,24.51,14.14,64.16,17.49,81.44,0
5/20/2023 12:00,49.12716318,9.2144832,33.86,24.24,13.93,56.19,15.89,75.47,0
5/21/2023 12:00,49.12716318,9.2144832,37.67,26.78,15.83,66.7,17.97,72.39,0
5/22/2023 12:00,49.12716318,9.2144832,33.59,24.06,13.8,60.18,18.54,73.26,0
5/23/2023 12:00,49.12716318,9.2144832,31.81,22.87,12.9,68.95,16.52,54.79,0
5/24/2023 12:00,49.12716318,9.2144832,37.44,26.63,15.72,74.23,16.33,63.28,0
5/25/2023 12:00,49.12716318,9.2144832,38.52,27.35,16.26,64.86,17.86,65.29,0
5/26/2023 12:00,49.12716318,9.2144832,36.73,26.15,15.36,87.71,17.69,71.01,1
5/27/2023 12:00,49.12716318,9.2144832,31.88,22.92,12.94,58.57,16.89,63,0
5/28/2023 12:00,49.12716318,9.2144832,36.14,25.76,15.07,70.25,14.14,67.98,0
5/29/2023 12:00,49.12716318,9.2144832,35.65,25.43,14.82,63.08,15.58,60.48,0
5/30/2023 12:00,49.12716318,9.2144832,37.04,26.36,15.52,59.01,14.73,69.14,0
5/31/2023 12:00,49.12716318,9.2144832,42.2,54.21,18.1,65.89,20.74,65.55,1
6/1/2023 12:00,49.12716318,9.2144832,32.56,23.37,13.28,64,17.01,73.82,0
6/2/2023 12:00,49.12716318,9.2144832,33.42,23.95,13.71,69.06,14.72,82.6,0
6/3/2023 12:00,49.12716318,9.2144832,35.4,25.26,14.7,65.73,15.4,80.34,0
6/4/2023 12:00,49.12716318,9.2144832,34.59,24.73,14.3,66.4,16.27,62.99,0
6/5/2023 12:00,49.12716318,9.2144832,37.26,26.51,15.63,64.14,15.93,71.76,0
6/6/2023 12:00,49.12716318,9.2144832,37.17,26.45,15.59,74.94,11.53,83.96,0
6/7/2023 12:00,49.12716318,9.2144832,31.68,22.79,12.84,69.55,13.3,72.37,0
6/8/2023 12:00,49.12716318,9.2144832,33.01,23.67,13.51,60.44,15.18,75.93,0
6/9/2023 12:00,49.12716318,9.2144832,34,24.33,14,62.61,17.51,69.44,0
6/10/2023 12:00,49.12716318,9.2144832,36.23,25.82,15.12,76.22,11.43,73.05,0
6/11/2023 12:00,49.12716318,9.2144832,33.37,23.91,13.68,58.55,12.23,54.55,0
6/12/2023 12:00,49.12716318,9.2144832,33.42,23.95,13.71,45.31,15.74,63.23,0
6/13/2023 12:00,49.12716318,9.2144832,34.79,24.86,14.39,68.52,11.71,80.06,0
6/14/2023 12:00,49.12716318,9.2144832,32.09,23.06,13.04,61.07,11.62,66.15,0
6/15/2023 12:00,49.12716318,9.2144832,32.65,23.43,13.33,59.31,15.32,72.35,0
6/16/2023 12:00,49.12716318,9.2144832,32.06,23.04,13.03,62.49,10.58,80.05,0
6/17/2023 12:00,49.12716318,9.2144832,35.58,25.39,14.79,61.23,9.5,69.14,0
6/18/2023 12:00,49.12716318,9.2144832,30.8,22.2,12.4,65.93,9.25,61.23,0
6/19/2023 12:00,49.12716318,9.2144832,34.3,24.53,14.15,65.57,14.5,67.96,0
6/20/2023 12:00,49.12716318,9.2144832,36.31,25.87,15.15,56.5,14.42,71.13,0
6/21/2023 12:00,49.12716318,9.2144832,33.09,23.73,13.55,57.56,11.73,61.87,0
6/22/2023 12:00,49.12716318,9.2144832,,24.57,14.18,60.27,11.63,64.61,1
6/23/2023 12:00,49.12716318,9.2144832,31.28,22.52,12.64,58.38,11.87,66.22,0
6/24/2023 12:00,49.12716318,9.2144832,31.73,22.82,12.86,64.84,11.34,68.48,0
6/25/2023 12:00,49.12716318,9.2144832,30.96,22.3,12.48,66.4,10.86,63.86,0
6/26/2023 12:00,49.12716318,9.2144832,33,23.67,13.5,51.5,10.76,67.81,0
6/27/2023 12:00,49.12716318,9.2144832,30.18,21.79,12.09,54.3,13.49,66.36,0
6/28/2023 12:00,49.12716318,9.2144832,34.48,24.66,14.24,58.86,14.05,70.04,0
6/29/2023 12:00,49.12716318,9.2144832,31.59,22.72,12.79,51.33,11.37,67.57,0
6/30/2023 12:00,49.12716318,9.2144832,34.15,24.43,14.07,59.22,15.79,53.83,0
7/1/2023 12:00,49.12716318,9.2144832,29.74,21.49,11.87,65.37,15.25,75.62,0
7/2/2023 12:00,49.12716318,9.2144832,31.24,22.49,12.62,66.33,11.63,70.52,0
7/3/2023 12:00,49.12716318,9.2144832,24.73,18.16,9.37,68.2,9.98,60.4,0
7/4/2023 12:00,49.12716318,9.2144832,34.93,24.95,14.46,58.68,9.84,66.79,0
7/5/2023 12:00,49.12716318,9.2144832,31.66,22.77,12.83,60.73,10.95,67.73,0
7/6/2023 12:00,49.12716318,9.2144832,29.79,21.52,11.89,53.9,9.62,68.26,0
7/7/2023 12:00,49.12716318,9.2144832,27.53,20.02,10.77,58.53,8.27,57.48,0
7/8/2023 12:00,49.12716318,9.2144832,32.15,23.1,13.07,68.59,11.05,58.04,0
7/9/2023 12:00,49.12716318,9.2144832,33.15,23.77,13.58,58.27,7.07,65.69,0
7/10/2023 12:00,49.12716318,9.2144832,30.6,22.06,12.3,55.47,8.94,61.89,0
7/11/2023 12:00,49.12716318,9.2144832,29.71,21.47,11.85,67.59,8.46,64.99,0
7/12/2023 12:00,49.12716318,9.2144832,28.17,20.45,11.08,51.38,7.95,54.42,0
7/13/2023 12:00,49.12716318,9.2144832,32.99,23.66,13.5,50.47,9.3,73.28,0
7/14/2023 12:00,49.12716318,9.2144832,33.63,24.09,13.82,60.98,9.91,69.26,0
7/15/2023 12:00,49.12716318,9.2144832,31.66,22.77,12.83,59.62,7.36,68.75,0
7/16/2023 12:00,49.12716318,9.2144832,31.08,22.39,12.54,59.66,7.9,60.28,0
7/17/2023 12:00,49.12716318,9.2144832,34.2,24.47,14.1,49.12,9.05,59.53,0
7/18/2023 12:00,49.12716318,9.2144832,29.63,21.42,11.81,62.47,7.63,64.85,0
7/19/2023 12:00,49.12716318,9.2144832,26.19,19.13,10.1,49.8,4.77,57.76,0
7/20/2023 12:00,49.12716318,9.2144832,30.97,22.31,12.48,61.57,9.94,66.61,0
7/21/2023 12:00,49.12716318,9.2144832,30.67,22.11,12.33,66.99,8.37,66.33,0
7/22/2023 12:00,49.12716318,9.2144832,29.95,21.63,11.98,60.51,8.52,66.87,0
7/23/2023 12:00,49.12716318,9.2144832,33.06,23.7,13.53,67.68,7.65,61.19,1
7/24/2023 12:00,49.12716318,9.2144832,27.7,20.13,10.85,67.68,4.41,60.43,1
7/25/2023 12:00,49.12716318,9.2144832,30.15,21.77,12.08,51.92,5.18,58.06,0
7/26/2023 12:00,49.12716318,9.2144832,34.58,24.72,14.29,55.74,6.26,57.38,0
7/27/2023 12:00,49.12716318,9.2144832,24.12,17.75,9.06,55.2,7.77,59.45,0
7/28/2023 12:00,49.12716318,9.2144832,30.62,22.08,12.31,59.02,7.4,60.67,0
7/29/2023 12:00,49.12716318,9.2144832,30.2,21.8,12.1,57.36,8.26,56.03,0
7/30/2023 12:00,49.12716318,9.2144832,33.62,24.08,13.81,59.32,8.94,74.5,0
7/31/2023 12:00,49.12716318,9.2144832,31.99,22.99,13,54.87,9.63,75.53,0
8/1/2023 12:00,49.12716318,9.2144832,33.88,20.64,11.23,54.13,3.58,58.33,1
8/2/2023 12:00,49.12716318,9.2144832,33.88,21.43,11.82,59.46,5.42,62.38,1
8/3/2023 12:00,49.12716318,9.2144832,26.93,19.62,10.46,60.97,5.2,48.92,0
8/4/2023 12:00,49.12716318,9.2144832,29.14,21.09,11.57,63.78,6.43,68.7,0
8/5/2023 12:00,49.12716318,9.2144832,31.06,22.37,12.53,51.27,1.65,58.08,0
8/6/2023 12:00,49.12716318,9.2144832,31.8,22.87,12.9,50.08,6.32,73.41,0
8/7/2023 12:00,49.12716318,9.2144832,65.2,,13.82,51.82,6.41,56.96,1
8/8/2023 12:00,49.12716318,9.2144832,31.19,22.46,12.59,53.19,8.98,68.38,0
8/9/2023 12:00,49.12716318,9.2144832,28.55,20.7,11.27,58.89,5.53,69.06,0
8/10/2023 12:00,49.12716318,9.2144832,35.24,22.59,12.69,46.31,2.55,56.08,1
8/11/2023 12:00,49.12716318,9.2144832,35.24,20.36,11.02,37.95,4.91,62.83,1
8/12/2023 12:00,49.12716318,9.2144832,28.9,20.93,11.45,55.62,5.48,48.94,0
8/13/2023 12:00,49.12716318,9.2144832,30.13,21.76,12.07,53.34,3.66,65.07,0
8/14/2023 12:00,49.12716318,9.2144832,29.31,21.21,11.65,55.95,6.08,59.17,0
8/15/2023 12:00,49.12716318,9.2144832,28.59,20.73,11.3,47.71,3.19,57.7,0
8/16/2023 12:00,49.12716318,9.2144832,26.6,21.01,10.3,66.81,5.95,63.16,1
8/17/2023 12:00,49.12716318,9.2144832,27.81,20.21,10.91,51.02,8.91,66.23,0
8/18/2023 12:00,49.12716318,9.2144832,27.45,19.97,10.73,57.46,3.44,66.02,0
8/19/2023 12:00,49.12716318,9.2144832,47.88,18.8,9.85,54.51,3.01,57.35,1
8/20/2023 12:00,49.12716318,9.2144832,26.32,19.21,10.16,57.64,5.36,49.99,0
8/21/2023 12:00,49.12716318,9.2144832,27.5,20,10.75,,4.25,75.15,1
8/22/2023 12:00,49.12716318,9.2144832,27.96,40.89,10.98,54.2,3.9,55.03,1
8/23/2023 12:00,49.12716318,9.2144832,32.62,23.41,13.31,54.33,4.49,63.03,0
8/24/2023 12:00,49.12716318,9.2144832,28.11,20.41,11.05,57.53,8.15,64.71,0
8/25/2023 12:00,49.12716318,9.2144832,30.22,21.81,12.11,51.26,2.11,56.66,0
8/26/2023 12:00,49.12716318,9.2144832,26.84,19.56,10.42,51.22,0.19,53.04,0
8/27/2023 12:00,49.12716318,9.2144832,30.87,22.25,12.44,52.15,4.72,48.55,0
8/28/2023 12:00,49.12716318,9.2144832,28.56,20.71,11.28,52.21,1.5,53.17,0
8/29/2023 12:00,49.12716318,9.2144832,25.72,18.81,9.86,59.89,-0.15,57.49,0
8/30/2023 12:00,49.12716318,9.2144832,30.96,22.31,12.48,54.49,6.49,53.95,0
8/31/2023 12:00,49.12716318,9.2144832,29.34,21.22,11.67,53.35,7.63,43.12,0
9/1/2023 12:00,49.12716318,9.2144832,31.23,22.49,12.62,47.34,2.2,65.93,0
9/2/2023 12:00,49.12716318,9.2144832,27.22,20.35,10.61,55.9,2.85,59.73,1
9/3/2023 12:00,49.12716318,9.2144832,25.61,18.74,9.8,54.19,5.89,53.13,0
9/4/2023 12:00,49.12716318,9.2144832,25.16,18.44,9.58,45.97,4.85,57.31,0
9/5/2023 12:00,49.12716318,9.2144832,28.58,20.72,12.31,,5.89,69.47,1
9/6/2023 12:00,49.12716318,9.2144832,23.16,17.11,12.31,50.11,-0.66,61.96,1
9/7/2023 12:00,49.12716318,9.2144832,28.62,20.75,11.31,62.56,2.44,60.51,0
9/8/2023 12:00,49.12716318,9.2144832,27.5,20,10.75,60.93,3.97,63.39,0
9/9/2023 12:00,49.12716318,9.2144832,,21.1,11.58,62.77,-0.32,49.94,1
9/10/2023 12:00,49.12716318,9.2144832,28.43,20.62,11.21,48.35,4.11,54.03,0
9/11/2023 12:00,49.12716318,9.2144832,26.63,19.42,10.32,65.69,5.44,56.83,0
9/12/2023 12:00,49.12716318,9.2144832,28.38,20.58,11.19,42.24,2.03,60.32,0
9/13/2023 12:00,49.12716318,9.2144832,25.5,18.67,9.75,52.76,2.33,55.38,0
9/14/2023 12:00,49.12716318,9.2144832,22.56,16.7,,53.62,1.87,53.15,1
9/15/2023 12:00,49.12716318,9.2144832,28.1,20.4,11.05,53.35,0.31,54.25,0
9/16/2023 12:00,49.12716318,9.2144832,25.66,18.77,9.83,47.89,3.11,63.11,0
9/17/2023 12:00,49.12716318,9.2144832,25.3,18.53,9.65,58.99,0.85,57.2,0
9/18/2023 12:00,49.12716318,9.2144832,29.63,21.42,11.81,43.99,4.69,54.62,0
9/19/2023 12:00,49.12716318,9.2144832,40.97,18.94,9.95,51.07,-0.13,63.03,1
9/20/2023 12:00,49.12716318,9.2144832,28.33,20.55,11.16,51.31,2.93,52.21,0
9/21/2023 12:00,49.12716318,9.2144832,27.72,20.14,10.86,45.41,1.97,61.95,0
9/22/2023 12:00,49.12716318,9.2144832,27,19.67,10.5,47.2,3.01,49.24,0
9/23/2023 12:00,49.12716318,9.2144832,29.31,18.86,11.66,55.49,-1.04,61.82,1
9/24/2023 12:00,49.12716318,9.2144832,26.75,19.5,10.38,60.27,2.31,59.79,0
9/25/2023 12:00,49.12716318,9.2144832,30.37,21.91,12.18,46.87,1.85,64.74,0
9/26/2023 12:00,49.12716318,9.2144832,24.5,18,9.25,55.13,3.85,61.41,0
9/27/2023 12:00,49.12716318,9.2144832,28.09,20.39,11.04,55.21,1.86,59.47,0
9/28/2023 12:00,49.12716318,9.2144832,30.68,22.12,12.34,56.72,0.29,63.21,0
9/29/2023 12:00,49.12716318,9.2144832,26.72,,10.36,50.53,-2.39,55.14,1
9/30/2023 12:00,49.12716318,9.2144832,26,19,10,43.84,3.88,57.04,0
10/1/2023 12:00,49.12716318,9.2144832,29.66,21.44,11.83,50.64,1.98,51.85,0
10/2/2023 12:00,49.12716318,9.2144832,24.27,17.85,9.13,49.14,3.24,57.82,0
10/3/2023 12:00,49.12716318,9.2144832,30.71,22.14,12.35,63.15,0.48,56.62,0
10/4/2023 12:00,49.12716318,9.2144832,23.19,17.12,8.59,54.32,3.27,57.53,0
10/5/2023 12:00,49.12716318,9.2144832,27.53,20.02,10.76,57.96,0.57,53.6,0
10/6/2023 12:00,49.12716318,9.2144832,28.67,20.78,11.33,50.4,1.58,59.12,0
10/7/2023 12:00,49.12716318,9.2144832,24.07,35.9,9.03,50.96,-0.78,60.42,1
10/8/2023 12:00,49.12716318,9.2144832,26.42,19.28,10.21,53.2,2.99,63.36,0
10/9/2023 12:00,49.12716318,9.2144832,26.68,19.45,10.34,46.12,1.41,50.52,0
10/10/2023 12:00,49.12716318,9.2144832,27.88,20.25,10.94,59.26,2.66,52.27,0
10/11/2023 12:00,49.12716318,9.2144832,31.03,22.35,12.52,47.06,1.56,60.43,0
10/12/2023 12:00,49.12716318,9.2144832,26.5,19.33,10.25,54.55,1.5,58.71,0
10/13/2023 12:00,49.12716318,9.2144832,27.31,44.12,10.65,51.34,5.15,60.03,1
10/14/2023 12:00,49.12716318,9.2144832,22.25,16.5,8.13,55.79,1.66,68.2,0
10/15/2023 12:00,49.12716318,9.2144832,29.44,21.29,11.72,46.74,1.77,54.15,0
10/16/2023 12:00,49.12716318,9.2144832,28.38,20.58,11.19,47.02,2.89,54.36,0
10/17/2023 12:00,49.12716318,9.2144832,28.1,20.4,11.05,45.18,3.6,49.41,0
10/18/2023 12:00,49.12716318,9.2144832,25.82,18.88,9.91,56.85,1.59,47.13,0
10/19/2023 12:00,49.12716318,9.2144832,25.06,18.37,9.53,54.91,4.02,61.62,0
10/20/2023 12:00,49.12716318,9.2144832,27.46,19.97,10.16,54.54,2.09,65.83,1
10/21/2023 12:00,49.12716318,9.2144832,27.65,20.1,10.16,48.6,3.45,57.78,1
10/22/2023 12:00,49.12716318,9.2144832,28.74,20.83,11.37,60.09,1.45,58.73,0
10/23/2023 12:00,49.12716318,9.2144832,26.93,19.62,10.46,41.93,5.73,56.78,0
10/24/2023 12:00,49.12716318,9.2144832,28.08,20.38,11.04,46.23,4.12,57.05,0
10/25/2023 12:00,49.12716318,9.2144832,19.17,14.44,6.58,59.51,1.82,53.64,0
10/26/2023 12:00,49.12716318,9.2144832,23.14,17.09,8.57,49.49,3.4,53.26,0
10/27/2023 12:00,49.12716318,9.2144832,27.78,20.19,10.89,44.76,0.98,52.8,0
10/28/2023 12:00,49.12716318,9.2144832,25.18,18.45,9.59,60,1.88,57.65,0
10/29/2023 12:00,49.12716318,9.2144832,26.57,19.38,10.28,57.65,4.75,50.86,0
10/30/2023 12:00,49.12716318,9.2144832,27.87,20.25,10.94,57.96,0.36,65.27,0
10/31/2023 12:00,49.12716318,9.2144832,26.74,19.49,10.37,64.84,4.81,64.35,0
11/1/2023 12:00,49.12716318,9.2144832,25.08,18.39,9.54,52.86,0.43,54.1,0
11/2/2023 12:00,49.12716318,9.2144832,30.99,22.33,12.5,57.08,3.9,59.43,0
11/3/2023 12:00,49.12716318,9.2144832,24.96,18.3,,45.75,5.18,49.94,1
11/4/2023 12:00,49.12716318,9.2144832,28.07,20.38,11.03,50.96,4.75,46.38,0
11/5/2023 12:00,49.12716318,9.2144832,,20.11,10.83,54.24,2.6,57.43,1
11/6/2023 12:00,49.12716318,9.2144832,28.98,20.99,11.49,64.72,6.2,62.11,0
11/7/2023 12:00,49.12716318,9.2144832,25.08,18.39,9.54,45.91,4.68,55.59,0
11/8/2023 12:00,49.12716318,9.2144832,26.09,19.06,10.05,53.44,3.79,60.47,0
11/9/2023 12:00,49.12716318,9.2144832,24.22,17.81,9.11,54.15,1.22,60.42,0
11/10/2023 12:00,49.12716318,9.2144832,24.51,18.01,9.26,57.78,2.89,59.82,0
11/11/2023 12:00,49.12716318,9.2144832,27.97,20.32,10.99,71.06,2.28,60.68,0
11/12/2023 12:00,49.12716318,9.2144832,28.33,20.55,11.16,44.05,6.02,45.95,0
11/13/2023 12:00,49.12716318,9.2144832,30.12,21.75,12.06,62.95,3.64,63.87,0
11/14/2023 12:00,49.12716318,9.2144832,26.54,19.36,10.27,52.5,1.21,68.21,0
11/15/2023 12:00,49.12716318,9.2144832,29.51,21.34,11.76,47.33,6.47,57.88,0
11/16/2023 12:00,49.12716318,9.2144832,24.12,17.75,9.06,60.56,3.93,49.76,0
11/17/2023 12:00,49.12716318,9.2144832,31.75,22.84,12.88,59.02,3.32,60.41,0
11/18/2023 12:00,49.12716318,9.2144832,26.89,19.59,10.44,43.94,4.03,62.45,0
11/19/2023 12:00,49.12716318,9.2144832,33.27,23.84,13.63,60.45,5.85,55.51,0
11/20/2023 12:00,49.12716318,9.2144832,33.49,24,13.75,45.69,6.51,73.57,0
11/21/2023 12:00,49.12716318,9.2144832,29.83,21.55,11.92,49.69,7.82,65.26,0
11/22/2023 12:00,49.12716318,9.2144832,34.29,24.53,14.14,37.33,7.68,45.43,0
11/23/2023 12:00,49.12716318,9.2144832,29.12,21.08,11.56,40.67,3.42,59.44,0
11/24/2023 12:00,49.12716318,9.2144832,30.54,22.02,12.27,75.22,4.54,53.46,1
11/25/2023 12:00,49.12716318,9.2144832,28.54,20.69,11.27,51.62,2.06,63.79,0
11/26/2023 12:00,49.12716318,9.2144832,31.09,22.39,12.55,52.83,6.94,61.41,0
11/27/2023 12:00,49.12716318,9.2144832,24.57,18.05,9.29,50.99,5.38,71.93,0
11/28/2023 12:00,49.12716318,9.2144832,29.13,21.08,11.56,53.29,4.48,65.24,0
11/29/2023 12:00,49.12716318,9.2144832,30.91,40.54,12.46,53.57,6.34,55.73,1
11/30/2023 12:00,49.12716318,9.2144832,27.81,20.21,10.9,53.3,5.38,55.29,0
12/1/2023 12:00,49.12716318,9.2144832,30.93,22.28,12.46,55.49,3.14,61.99,0
12/2/2023 12:00,49.12716318,9.2144832,31.43,22.62,12.71,60.29,6.84,56.79,0
12/3/2023 12:00,49.12716318,9.2144832,28.95,20.96,11.47,59.88,5.87,60.62,0
12/4/2023 12:00,49.12716318,9.2144832,31.43,22.62,12.72,50.95,9.21,57.08,0
12/5/2023 12:00,49.12716318,9.2144832,32.66,23.44,13.33,58.3,5.63,67.63,0
12/6/2023 12:00,49.12716318,9.2144832,27.26,19.84,10.63,49.21,8.9,67.32,0
12/7/2023 12:00,49.12716318,9.2144832,29.68,21.46,11.84,61.86,8.17,58.21,0
12/8/2023 12:00,49.12716318,9.2144832,30,21.66,12,54.91,8.46,62.45,0
12/9/2023 12:00,49.12716318,9.2144832,29.96,21.64,11.98,57.01,6.47,65.13,0
12/10/2023 12:00,49.12716318,9.2144832,28.93,20.95,11.47,63.5,4.39,65.02,0
12/11/2023 12:00,49.12716318,9.2144832,29.89,21.59,11.94,63.85,7.35,63.68,0
12/12/2023 12:00,49.12716318,9.2144832,32.8,23.54,13.4,57.8,8.85,59.9,0
12/13/2023 12:00,49.12716318,9.2144832,27.69,20.13,10.85,67.95,8.39,64.1,0
12/14/2023 12:00,49.12716318,9.2144832,31.82,22.88,25.06,58.26,12.49,59.86,1
12/15/2023 12:00,49.12716318,9.2144832,29.03,21.02,11.52,58.34,5.73,63.36,0
12/16/2023 12:00,49.12716318,9.2144832,31.04,22.36,12.52,53.95,6.54,63.63,0
12/17/2023 12:00,49.12716318,9.2144832,26.15,19.1,10.07,49.38,4.29,60.39,0
12/18/2023 12:00,49.12716318,9.2144832,32.73,23.49,13.37,60.55,6.43,60.64,0
12/19/2023 12:00,49.12716318,9.2144832,32.1,23.07,13.05,55.48,6.77,66.08,0
12/20/2023 12:00,49.12716318,9.2144832,30.6,22.06,12.3,61.3,9.72,68.9,0
12/21/2023 12:00,49.12716318,9.2144832,33.2,23.8,13.6,54.7,14.93,60.03,0
12/22/2023 12:00,49.12716318,9.2144832,30.47,21.98,12.24,66.16,9.12,64.5,0
12/23/2023 12:00,49.12716318,9.2144832,34,24.33,14,65.82,10.95,58.51,0
12/24/2023 12:00,49.12716318,9.2144832,32.01,23.01,13,54.4,5.98,61.82,0
12/25/2023 12:00,49.12716318,9.2144832,34.13,24.42,14.07,47.23,8.43,67.9,0
12/26/2023 12:00,49.12716318,9.2144832,29.43,21.29,11.71,58.35,10.88,65.14,0
12/27/2023 12:00,49.12716318,9.2144832,32.83,23.55,13.41,51.32,9.87,66.04,0
12/28/2023 12:00,49.12716318,9.2144832,37.01,26.34,15.51,66.78,6.95,65.23,0
12/29/2023 12:00,49.12716318,9.2144832,31.45,22.64,12.73,64.45,13.23,74.31,0
12/30/2023 12:00,49.12716318,9.2144832,34.12,24.41,14.06,58.34,10.52,72.39,0
12/31/2023 12:00,49.12716318,9.2144832,31.44,22.63,12.72,56.25,12.05,56.05,0
