timestamp,NO2,O3,PM10,temperature,humidity,noise
2024-01-01 00:00:00,30.655963018184142,46.70441161302697,26.68697980226991,9.874190918423709,65.65461026748756,58.600626894065044
2024-01-01 01:00:00,30.228849204052196,49.46751591012242,29.745995284558592,9.731847243582843,64.28241460449814,50.948246237351405
2024-01-01 02:00:00,36.38039637135408,48.236170640566684,26.640503928218074,8.370804321476918,64.83817690682635,42.6140318580228
2024-01-01 03:00:00,40.79476527847771,48.14189931703302,28.540050591952298,11.198266552073685,64.25198139255885,40.93905230023799
2024-01-01 04:00:00,49.75090017345355,40.8099178898091,28.315560084208705,11.05531548645199,59.72783868263335,36.24885162480766
2024-01-01 05:00:00,48.90627962516926,45.85074577926223,22.80019792385438,13.659747116503485,54.926815111169006,41.02462720884359
2024-01-01 06:00:00,57.86814840549209,37.212010373724866,30.41974073520264,11.28225347446945,48.67558103994211,39.552807899357006
2024-01-01 07:00:00,43.86432761484034,41.39598504983238,22.2741964586721,11.669587512336868,49.02468648632688,41.01985319455928
2024-01-01 08:00:00,41.557963677931674,31.350773353035947,22.257918511333028,9.156620471876396,46.23166404111514,35.609753535412445
2024-01-01 09:00:00,41.20821256354304,34.24996462010177,28.982132247467284,9.552590046953112,28.564083426703494,40.68715257243575
2024-01-01 10:00:00,44.26828615297975,36.18234338727876,37.25659306455203,7.674798943951977,22.74450676083572,36.16833259644074
2024-01-01 11:00:00,31.764879899194764,28.404894255908946,33.28238919647373,10.414759269336566,35.65446420308965,43.1577743929011
2024-01-01 12:00:00,36.054456097099326,26.69196819354986,19.025393330792483,11.288037631207867,34.31012664978227,37.75666779587671
2024-01-01 13:00:00,28.240300829144108,25.071779811017233,25.42329053992692,10.52841935312016,35.65262076006009,38.13706372032258
2024-01-01 14:00:00,12.190288503931896,30.97659155179967,30.050352540927662,7.575778141620971,31.649566622857535,36.662523371606504
2024-01-01 15:00:00,24.15458550559591,37.14754883500164,27.11043561044501,9.656457928953401,33.770828964495486,38.96903308765394
2024-01-01 16:00:00,6.118319844893617,35.13721381122159,21.483807886774414,10.102810216485759,42.593666600335474,42.91759686913072
2024-01-01 17:00:00,3.6551345613474915,44.745126316826344,22.433455950525914,11.561690762780247,37.33703391799444,41.74684887027334
2024-01-01 18:00:00,10.444432649499236,37.406765083145814,13.143542881733527,9.713051306976174,53.940195844950644,40.402565462296835
2024-01-01 19:00:00,14.855015418072457,43.77409626699269,23.51182154368832,10.462804873952209,54.80313730825679,39.42923194697505
2024-01-01 20:00:00,8.126305153309671,43.69001659049119,25.588604306611234,14.405387784469934,56.826698653259506,54.613634636536794
2024-01-01 21:00:00,12.70519446720584,42.1895396844053,19.42542103694521,11.96194716789008,63.35750656846189,57.42580581326724
2024-01-01 22:00:00,24.656265971267977,55.705927126474265,22.05779517590177,11.252656738870261,68.57725854248737,55.94986454800891
2024-01-01 23:00:00,24.150212857994482,51.47608432730282,18.109925858267882,9.033278641916148,61.92578004805813,58.42939890815961
2024-01-02 00:00:00,28.841881565272757,45.42629594007216,16.695545140431385,10.560408853662219,73.97457670274993,54.66905626697189
2024-01-02 01:00:00,32.64481987186207,50.24023724990701,18.257405180723268,7.6797424762290545,71.93990043335705,57.63198268579087
2024-01-02 02:00:00,32.539545381341554,46.96560607456889,25.248137851316844,10.879723683651827,67.1758527763462,44.1590418143012
2024-01-02 03:00:00,42.97278056765561,57.6626999548611,24.74931678226921,11.123744990133297,69.43576028862051,45.80497219630208
2024-01-02 04:00:00,46.78124852290998,47.401613253615615,18.938420088897544,8.811039031367827,55.06963572037837,36.841032737066016
2024-01-02 05:00:00,54.99123864610878,41.4389686632261,27.4807479267969,9.35413308428657,55.440380939796654,40.52117447756621
2024-01-02 06:00:00,54.73456633961691,34.75627089927217,29.740280328643095,8.613553780931456,51.38259059797763,39.11136242016858
2024-01-02 07:00:00,42.12850753054725,33.56095919238789,31.61131377590913,7.3736053246271105,40.384236015836876,40.598198849076326
2024-01-02 08:00:00,43.74935666610823,37.026478323165776,28.12655792746087,10.154872516495148,39.959927989693156,38.62387227006511
2024-01-02 09:00:00,45.885533640366695,34.42764506722889,28.826128538788293,11.987380960296575,34.79726914751,42.19631238011289
2024-01-02 10:00:00,38.80427066519437,41.2186036671184,26.845639009046092,10.267313034896427,38.40518455424349,40.608126555864104
2024-01-02 11:00:00,40.14375843712051,21.623431910478686,24.769809273858815,15.092886304909403,22.520997069935703,42.14937063263642
2024-01-02 12:00:00,30.685252078156275,28.1079049536193,25.251890607870966,13.252299498034292,20.061502127288527,42.91048678199727
2024-01-02 13:00:00,27.231564430536267,33.757700809072965,25.648790289518498,11.743700500357953,27.447482096823908,34.073736483128826
2024-01-02 14:00:00,20.698176583825564,28.64401738315206,36.102615115070655,7.3232880575183055,40.222596047255465,43.206261935351364
2024-01-02 15:00:00,13.80472934285691,32.08681931989199,31.212632916820667,7.648286213613536,35.19915847708609,38.18655138505562
2024-01-02 16:00:00,11.990697477553958,39.54520295364343,20.481003151300797,8.50567832670945,43.17468834228669,46.11239365996502
2024-01-02 17:00:00,11.630838517464179,37.1473196921786,21.87420398570717,12.097993747038014,47.39697218043874,40.26752237638977
2024-01-02 18:00:00,7.364356499336136,38.180218394893124,22.545657881002352,8.834460610327426,46.209650399954896,38.52582392216622
2024-01-02 19:00:00,5.271886615832445,38.12198273037894,21.242241662432086,11.56410371608916,55.89246865080372,36.157184016251925
2024-01-02 20:00:00,10.58140038394374,46.54552972324985,25.596033414976645,12.206846059948283,60.419249280749256,55.48251707352255
2024-01-02 21:00:00,14.450482334153362,40.447904726084644,28.703511638061688,13.825547003215386,74.53275965940044,51.06365811791341
2024-01-02 22:00:00,16.94767534293478,57.68493739493903,19.85689392012975,13.06355849162612,68.05878198102941,46.10514475355028
2024-01-02 23:00:00,26.501905784310093,50.73592230926724,26.608982697229553,7.5796592463535095,63.71840324505065,50.11754927211276
2024-01-03 00:00:00,37.23965193684184,49.281040413125304,28.752164326966682,10.279270534196355,69.69519883401577,55.75463759630795
2024-01-03 01:00:00,42.49495671218681,47.26745761866626,17.833801226926933,13.903458835657016,75.82531771677652,54.42555886289071
2024-01-03 02:00:00,29.085487226674303,50.243340886979354,23.68032020439543,9.678466044011124,70.90082504053471,42.94263417289096
2024-01-03 03:00:00,43.18919231820162,46.514084627860775,31.92230270931224,9.043737369041166,73.83370433748954,35.17360518961827
2024-01-03 04:00:00,48.689573182511715,44.908294124593766,25.92463424194006,9.51308148750445,62.751727605561335,42.246936877195864
2024-01-03 05:00:00,56.78305309195788,45.96811154433521,16.57167872066574,12.618570872461413,57.6235882913955,40.18178442456852
2024-01-03 06:00:00,43.7303438581501,34.61412258204075,16.99861804759112,7.727335494307434,50.076169114896786,41.65052697316866
2024-01-03 07:00:00,47.49560145085308,35.232253728354586,25.686882770605916,14.207493905601137,43.99486444988211,43.71704803939207
2024-01-03 08:00:00,38.794697871056215,40.158004430442126,20.312838643593157,8.021729362603722,33.35000678949986,39.13173941993496
2024-01-03 09:00:00,43.99917824545782,29.57410931153751,29.442059712407843,10.491774600192482,35.68460816994782,36.330101981038375
2024-01-03 10:00:00,40.728958696817216,39.29024730806253,22.15237214831956,9.612510196175588,37.607989768831025,37.59384574495937
2024-01-03 11:00:00,33.25822352665568,34.09289005037915,33.68399288702096,9.703590172896169,28.72328492636287,37.395454349673734
2024-01-03 12:00:00,25.29944011070472,25.270951574355045,27.280760628389597,7.646788281178271,31.7504575309432,40.68052504129772
2024-01-03 13:00:00,24.30097388872993,32.25822434037152,27.015641746537842,10.533423335037607,34.605700567051166,39.24370740314161
2024-01-03 14:00:00,14.73165075324379,29.22707143712072,18.437401499444867,9.6721495069362,30.01958634260706,39.45962524244332
2024-01-03 15:00:00,16.998672905802884,32.36434270219223,29.44396154333532,11.270607873786984,34.59400072646124,41.942692988246954
2024-01-03 16:00:00,12.347217355585602,32.84828071605578,24.53518990062596,9.266878909043427,31.300765099138346,41.8662068811868
2024-01-03 17:00:00,14.438130311226589,36.442821803703374,24.10549655032386,12.789747882805493,37.50013618114116,37.293559374016986
2024-01-03 18:00:00,15.31677953027708,36.206101795559846,33.13470961543599,8.077843201206063,43.52378493152006,34.7591699289003
2024-01-03 19:00:00,10.935819297941825,43.52392345900377,24.139081667644895,9.138377439318747,67.99208672088278,37.676697538144055
2024-01-03 20:00:00,9.478918469178609,38.69171807411896,26.288478707794052,10.137796684978913,56.8394744687329,54.14298746628694
2024-01-03 21:00:00,25.607538767056738,52.910876948796556,28.474854484320208,11.838116339075945,66.44228434606376,55.757714206076656
2024-01-03 22:00:00,11.119220282893837,50.08296507720239,32.87864128782657,8.434531134274849,54.85132976101406,53.9171547756694
2024-01-03 23:00:00,24.279404940416327,50.062546733308906,21.78042896965565,9.66169409575031,74.86581222957759,54.344334278547066
2024-01-04 00:00:00,31.235274701254692,57.13709941521306,30.716077638301456,9.374596750848298,72.73622245970282,56.2149084294096
2024-01-04 01:00:00,40.74814466114834,50.12995472810148,22.20450874137383,10.803480116542403,70.71788388038406,52.79512422964602
2024-01-04 02:00:00,38.14815347018154,50.488327198126335,22.187126689831718,11.108794657735544,74.3441277073931,36.05247319567913
2024-01-04 03:00:00,37.768049639370425,49.77053244889424,26.184750617968596,12.553948046608983,73.40257990145766,40.70713277412768
2024-01-04 04:00:00,49.212504213597065,38.11163662487127,26.350456651221712,13.896349103519524,70.56286983054474,42.239829983295174
2024-01-04 05:00:00,46.60761599583491,44.02199813321675,26.18142627895772,9.036985780822892,54.400715754772776,41.47136902609929
2024-01-04 06:00:00,48.61911348673788,39.70052322604957,19.091733239709274,12.358877358896644,44.218092211305894,41.071311316183674
2024-01-04 07:00:00,53.47351345200736,38.00160819422216,23.353986914666045,10.104783646918548,39.366099801675986,41.63608862719945
2024-01-04 08:00:00,46.36488767510593,27.75269854458311,30.00674152408922,8.947309895410534,39.5913284575631,37.89579200953739
2024-01-04 09:00:00,47.923478149909464,37.31755224582019,30.703347318600915,12.349588116953955,47.11203600982871,33.670885778436144
2024-01-04 10:00:00,42.89980095294367,22.776070363038478,23.96249908737947,8.100584694928308,32.287196246129206,41.3032021965463
2024-01-04 11:00:00,34.104148327354935,28.483464329549246,24.67649075370834,10.961590493799287,36.25043159414612,37.296894671960374
2024-01-04 12:00:00,37.66669321735106,26.435392859023505,19.67070578493434,10.385043331510014,39.11597415279947,36.8186052106227
2024-01-04 13:00:00,30.520011936263508,30.897178619394477,28.535228453459627,10.211952761863898,22.692048484565543,39.06896457787175
2024-01-04 14:00:00,23.269967834575244,32.902705398515536,23.67873853372351,9.737387280557172,39.196319119281924,40.27691090875418
2024-01-04 15:00:00,11.315901862322239,29.19751061295714,18.74289243436837,10.335596707025063,45.50526768866973,39.34734404473376
2024-01-04 16:00:00,22.033084607178523,36.06365137011157,22.50290043237871,14.015303672383277,43.70528542806661,44.075208460980264
2024-01-04 17:00:00,9.371814853568427,45.68411665386802,27.795796998906734,8.457612583322502,49.16469260499464,39.64506728655331
2024-01-04 18:00:00,8.88382817726281,41.87848466136256,15.97687526989316,10.07407005646183,60.27966312583267,44.725284789528715
2024-01-04 19:00:00,17.99911045626005,43.00849329061899,22.71972972383872,14.297880276113444,47.22461742620288,41.440454586556314
2024-01-04 20:00:00,1.553909852791783,45.84802644280127,26.216845511400052,8.718232134873416,65.83180575444351,55.62524009267016
2024-01-04 21:00:00,14.55636277524995,40.38730809883845,20.09524599917925,12.659904965321331,67.39785359370202,53.8653730224622
2024-01-04 22:00:00,18.527737498025903,44.65167763425416,27.256931054214707,12.292369811131081,73.56285229762891,54.40050353952792
2024-01-04 23:00:00,13.650587383228832,47.621651620474,27.100962574604715,15.106378839209029,65.80771674039363,56.28417731957112
2024-01-05 00:00:00,32.46943339789493,53.19576564455542,25.824447545187095,9.082156405553771,73.32530078724452,50.614877988358856
2024-01-05 01:00:00,33.14003929618565,52.428901528369806,17.91149837579013,9.9460204112972,65.6224658757649,53.046546981194176
2024-01-05 02:00:00,52.01137673137944,56.17342372528899,23.161027881250124,13.607142954350742,57.07669093835926,42.3864542769589
2024-01-05 03:00:00,29.598577811235682,44.57066679495735,31.10577408927826,11.6416892439923,63.296533557641034,41.213752660629346
2024-01-05 04:00:00,37.33956204177068,40.19193060360342,23.858750962469994,11.058806474227701,57.857785662931356,36.87461412678352
2024-01-05 05:00:00,53.47162952188425,38.21853736110569,27.92971748764429,9.019396715901339,55.88853642361468,40.30591338511927
2024-01-05 06:00:00,52.246553973071784,43.83361814436236,16.634101572472975,13.249438981179935,51.959172042409584,42.96560957215836
2024-01-05 07:00:00,48.39215048234413,42.54195959890557,27.18432730139776,14.380935895533403,43.80403379744489,42.357234581441844
2024-01-05 08:00:00,49.56749678016614,34.815905632701835,22.02379216327595,13.791243708857847,40.508252612319794,36.33890528636216
2024-01-05 09:00:00,46.39548808133269,26.587258193052744,30.226634078302318,7.99636817781442,29.72812422456257,39.13421563731631
2024-01-05 10:00:00,38.64339501157096,27.145523022901145,33.420662015742366,12.541526831958564,32.64906580356068,39.45313378048294
2024-01-05 11:00:00,27.04759144560093,42.37216343085872,21.57023541539999,10.039882043941995,28.518923229686667,43.05662257778812
2024-01-05 12:00:00,29.956811472502338,24.830666935516202,18.903928879551973,11.441093833691426,32.62893665605012,37.63295815068394
2024-01-05 13:00:00,34.28562243114348,33.905197933734925,19.09591944067982,11.889308353208312,22.949976457954655,41.29801006322352
2024-01-05 14:00:00,24.145239629096817,26.267243920969243,22.602778130668113,6.9700062601060475,30.758777749928207,43.05987556879
2024-01-05 15:00:00,14.38559230313215,38.82667119733976,12.34791515732427,12.643025774458486,31.931162749784477,40.9223587363695
2024-01-05 16:00:00,12.063509187265014,37.72951078990624,20.228212152284836,13.75946353446195,38.77158695161819,36.76471579637762
2024-01-05 17:00:00,12.441902193322257,40.988697442807215,30.464345273226275,10.671447531154453,38.138101576885155,41.072588403012816
2024-01-05 18:00:00,7.746430622641871,41.752385146684524,25.019490986289068,7.690707315221107,53.55605946776782,38.49657586601343
2024-01-05 19:00:00,19.146186508537056,46.07204502788978,30.585655798835024,9.690641841434989,51.274169633803744,41.68686007999012
2024-01-05 20:00:00,15.878450719675167,48.958632384203305,26.841881797566742,13.657654307655509,61.57303538726118,55.652347169398205
2024-01-05 21:00:00,25.483333560959437,44.43461280217092,20.464061788776082,12.720257411647001,57.48436691474419,53.13771641909347
2024-01-05 22:00:00,22.160295709167503,41.666527397924774,20.028043338316323,9.78670112123931,62.50045292558536,50.410816797714624
2024-01-05 23:00:00,23.746442830485226,43.34559393202156,21.725336380863272,13.431658173821356,65.108218836922,57.27212332734956
2024-01-06 00:00:00,28.57051216452969,51.6499674420007,27.50258153919375,9.911280900042785,57.75414933559762,60.32920453897789
2024-01-06 01:00:00,34.682616483071584,43.53616735536719,33.44855830663884,9.557803305345892,67.06548109463318,58.539466064959896
2024-01-06 02:00:00,31.32107263806295,51.01246958926448,17.028476746107092,9.104324808226414,68.64104015917967,41.38165330122091
2024-01-06 03:00:00,43.179134432455825,38.78592304644517,29.857073278112136,15.2554957670447,64.32204227138895,37.01986222050691
2024-01-06 04:00:00,44.83967881241303,41.43583815255216,26.305121368592705,11.628489215413364,69.62762317592748,39.60146631307708
2024-01-06 05:00:00,37.71798113394384,42.15497237102884,25.015624840729057,11.075095643049393,58.75941290007644,37.80801809026237
2024-01-06 06:00:00,47.63065078466458,37.182130837665476,25.10900981387085,10.054240762467899,49.17039276103227,41.87487983118029
2024-01-06 07:00:00,54.44931714355151,38.530220032297734,18.73563377238651,9.082545016417088,48.15772048377956,42.48996700986153
2024-01-06 08:00:00,41.39686531321222,37.38108155951356,28.970431880418268,11.617770324556593,36.714455539696246,40.05494612074457
2024-01-06 09:00:00,34.345633015745214,37.533386393091334,22.713521791215676,7.61080625641953,42.8069693919759,39.1783288882303
2024-01-06 10:00:00,33.47609414780977,36.81850701317869,27.559700957082367,12.520885869256183,30.105752127867788,43.69473094901263
2024-01-06 11:00:00,38.54590250485497,33.46657526772472,17.281454353382756,9.052966674575082,32.44613849419656,39.76957368649305
2024-01-06 12:00:00,31.000446800578715,26.918125544962916,19.547079550956962,9.742030526576388,32.05518804864223,40.37255200741597
2024-01-06 13:00:00,17.649273223123288,28.308926397732932,22.027688781201633,8.933698290308023,34.31582415619737,43.89205926179196
2024-01-06 14:00:00,25.58976929868527,27.506191218446443,26.449065504286374,7.19153450267584,30.59164803063923,39.394164431622116
2024-01-06 15:00:00,24.569619345067505,31.85853862926912,21.39002778583504,9.854101900775836,30.54376473625166,41.08851748418648
2024-01-06 16:00:00,9.913643068568295,34.59061824182064,15.353373343890414,11.800378819589362,39.73144652267083,33.52647993191873
2024-01-06 17:00:00,11.423232315050921,36.698613701470165,24.316125920454922,10.170062258683986,43.062987597732224,42.26202229630572
2024-01-06 18:00:00,5.730536524765838,36.607088676822386,20.843282653429924,13.256481574876736,50.78034673302615,34.549331138522476
2024-01-06 19:00:00,11.929861483102217,42.61211991396519,25.96419525079365,11.020257400156297,57.93015393448267,44.39301160652761
2024-01-06 20:00:00,11.265338510415308,38.71102846218672,25.65174463516403,12.980248602819412,54.30246812415813,53.21738109119642
2024-01-06 21:00:00,17.551446267653795,48.91205942444656,21.69924718637357,11.05189903605889,54.37441441821875,54.02399795001184
2024-01-06 22:00:00,13.256489247359074,52.784437284935564,21.22415289623958,13.195041073801306,69.82159161400668,50.2012840491204
2024-01-06 23:00:00,22.034384470055578,47.84017058343126,21.064806206531177,9.928881328479255,63.71361468905002,55.223310874662474
2024-01-07 00:00:00,31.120360324832912,48.5888934771943,33.362341069381124,11.174232093770758,63.03594931114062,56.850412228848285
2024-01-07 01:00:00,34.30883367136963,44.02685915113809,27.084196994287694,12.750452122378634,69.14321890096402,59.489193042817945
2024-01-07 02:00:00,46.72280194110529,51.05997784463914,29.397484398916497,12.024822396691913,66.28812916923387,48.26156475572608
2024-01-07 03:00:00,43.85670763152857,48.43186255215902,26.024931582123084,6.777278506149457,62.1189108894516,44.13162225586771
2024-01-07 04:00:00,44.439660036490274,44.45821278788886,19.223065543111954,12.074221177138014,58.397957331643234,37.24200377786254
2024-01-07 05:00:00,52.191387631438516,40.76087167228906,31.086157736308095,14.447582782788334,55.15779285785903,39.72773454054749
2024-01-07 06:00:00,54.56523323998971,40.251502452401894,25.58030538285161,10.84360118252666,49.02629322341622,37.516393259818024
2024-01-07 07:00:00,51.32059659344507,41.06275754776446,26.319334755943242,9.639071369284993,47.994692559881344,44.86201386169101
2024-01-07 08:00:00,44.46326864418233,31.651929789554817,27.544471033666206,12.364418423061485,37.21709193729275,42.22241872495638
2024-01-07 09:00:00,34.02096222230306,25.94729790145354,20.90869734454999,12.409486814894027,35.90251289022864,41.29938374212847
2024-01-07 10:00:00,44.48687699607201,37.42230089225686,25.279820484142235,10.175353273050423,38.359763844102396,39.66220870303487
2024-01-07 11:00:00,33.899507385393264,31.996237974997534,27.026587609852818,11.52931342797478,29.543340431571533,44.572634090929384
2024-01-07 12:00:00,23.75929103731296,28.91140029697044,20.119204541205093,11.574796354738524,25.72711240419457,38.52987582826062
2024-01-07 13:00:00,19.768588359487076,34.09445912431784,31.900015304197346,11.599384255112975,24.76249674669917,41.1249176521291
2024-01-07 14:00:00,23.140251404559162,30.873201474983553,31.42915007254635,12.261455127249718,30.16809547796165,44.685393470639404
2024-01-07 15:00:00,15.369917278889053,27.570998008214936,26.824634883407047,9.51041892127846,32.56407032148094,35.86761367408374
2024-01-07 16:00:00,16.524858722881007,40.94520251356242,29.77508196947908,13.84369132080143,37.35671687676103,40.725548567835745
2024-01-07 17:00:00,10.004027765811667,40.51084700783149,28.695685645611754,8.59151040091323,42.521269604080544,44.16768411292256
2024-01-07 18:00:00,8.639195647966133,41.67995141183882,24.882062279324227,7.220039748173528,55.74019052025868,39.504043567613145
2024-01-07 19:00:00,11.348620443370303,48.796825362398735,21.760375911187708,8.861720076772398,47.44070733095967,38.639741803984876
2024-01-07 20:00:00,12.951158178533507,44.694511903479636,20.087271045121376,12.236731856220374,59.781621248724555,54.4172398026904
2024-01-07 21:00:00,9.969390425947164,42.60881568142062,31.74895268032808,11.546888146158128,73.26568279435924,50.29652695516103
2024-01-07 22:00:00,8.858851110859987,47.38127848196221,24.542409589544704,14.684691131939996,69.26009875085614,55.738500173443164
2024-01-07 23:00:00,37.63700906710364,46.726599038326285,23.57400479695225,9.703747890834327,70.0159061844263,53.77488410772037
2024-01-08 00:00:00,34.17242043448537,41.9452922944051,32.196028538717634,10.033183499131443,64.88035972579948,62.419841218906946
2024-01-08 01:00:00,30.90760122678315,47.68921017377303,17.5461036253811,12.107375211769888,71.00793832584628,54.23654653882577
2024-01-08 02:00:00,39.65892801405948,49.77381803156491,21.381505530963533,11.00930195852868,66.79027401612842,40.20722854184276
2024-01-08 03:00:00,36.19093455922334,45.439174935985456,22.102284135584306,11.680735016373474,66.6739351770686,45.04014930574219
2024-01-08 04:00:00,53.84825612456908,43.31807203208955,22.602122125974482,10.805443640987916,57.49629809683064,42.25478237536965
2024-01-08 05:00:00,56.127491890391155,45.385448970417166,28.825772721994387,9.976074847705236,54.11401680645135,39.928071371708
2024-01-08 06:00:00,47.99064386930096,45.05136440440471,23.07178940732737,9.91327549477422,60.99077331042767,37.53720663716647
2024-01-08 07:00:00,41.62186445576098,37.112652516268916,23.340854273579815,13.506306179395288,38.198411978074944,38.054587927568235
2024-01-08 08:00:00,54.981847622806605,31.76853111240895,26.40774506501696,13.576281978242333,32.701524751041795,39.492721219563585
2024-01-08 09:00:00,36.952885224650664,27.661867430258816,25.9962023207795,11.427946019811374,34.62361872436157,37.02370706630317
2024-01-08 10:00:00,35.5338880179452,33.54597696526463,26.522050603969067,9.644241738477083,27.32825051457227,35.14179324535175
2024-01-08 11:00:00,45.42451003392479,30.136841539334448,30.42307819818373,10.948770562887233,14.023088479001188,40.73377424702583
2024-01-08 12:00:00,32.42840023294003,34.5586868573697,23.655601843587895,12.844216763420194,27.689273283108836,41.51148636680701
2024-01-08 13:00:00,24.30009541555623,30.562165709228186,28.542726954634354,11.652155442587553,30.54971883400125,42.0730532860069
2024-01-08 14:00:00,7.328145177741735,36.708014115830295,16.123850346961262,14.80826560685164,31.679101008957524,43.16557298720487
2024-01-08 15:00:00,13.301012539748662,31.71640455947121,24.09174075200366,6.857906466498413,41.13261570277016,35.28565314995093
2024-01-08 16:00:00,16.97690086243324,31.885389010651547,16.36999155113603,10.773681968575888,45.16100282585012,43.52708228766945
2024-01-08 17:00:00,10.544521905514042,29.324602847174738,18.382120810091077,11.263642479761854,42.595452403127155,40.33089695846066
2024-01-08 18:00:00,11.561419841948085,47.84739459253231,25.407015053554066,9.572831219611764,60.56526543487705,39.681927301435444
2024-01-08 19:00:00,6.205620939070271,44.54652577010326,21.500083443813296,13.662400549719093,56.26126592415552,41.2299703621263
2024-01-08 20:00:00,13.131542306478922,42.95941536988792,21.43672729667396,14.00518095762053,60.5790229451558,53.32860021447552
2024-01-08 21:00:00,11.752313546122958,46.77012307368836,37.81442041811514,8.856570765301722,59.895693879693106,60.299086117688255
2024-01-08 22:00:00,27.83791208654095,48.87354527279028,27.49533169817897,10.85192149021748,70.13060304682446,54.49606867522163
2024-01-08 23:00:00,22.181473563793666,45.83913032813498,18.844860325635665,9.765436183726397,73.58780528676053,61.916275559390584
2024-01-09 00:00:00,27.9986258105519,59.39232927584568,23.208187935575776,12.926065496458772,66.76085320302064,56.31970206488052
2024-01-09 01:00:00,29.640544909513288,45.56435539985417,23.69178321771592,8.35263667435949,64.4150369844959,50.89162666219134
2024-01-09 02:00:00,46.26902918096851,52.01950471600669,32.45581673241698,14.062493987049956,65.42372601964402,41.39075954986875
2024-01-09 03:00:00,42.836307804490474,49.74769043813031,22.658791141270846,10.208663426809903,59.254357476008295,41.56451245896437
2024-01-09 04:00:00,55.777395749289155,45.845794919768956,29.610845530375986,9.851547581830188,54.90089226439271,37.626751269508816
2024-01-09 05:00:00,53.54830685037983,44.52153448998188,29.795472212119343,13.319883714365067,53.25787915302144,38.80866097897998
2024-01-09 06:00:00,57.88695516636892,40.39839368217587,26.004263875885865,15.031924117508181,54.47410690304711,39.496027826651044
2024-01-09 07:00:00,46.47831121331756,37.413602068618125,25.389974413323685,11.362967707002326,44.07020573833308,41.40187361416581
2024-01-09 08:00:00,45.95624256692179,28.709874317527618,21.88015523391506,9.39843368370273,47.526462956655514,39.52134437302082
2024-01-09 09:00:00,47.79047328538868,28.81909825211629,18.41622552214893,11.967003360168144,37.81073485603616,30.734497994759394
2024-01-09 10:00:00,36.743632949921576,32.300793614658694,22.983485830832155,15.311405216935674,25.933087400011203,40.97660299001398
2024-01-09 11:00:00,40.655619412412406,33.81623145640191,21.521803027225232,7.7746346760962535,31.704084210863446,38.710866894004646
2024-01-09 12:00:00,22.7033063556652,30.561544722408716,23.8686769611016,11.325066858144456,28.04708041300037,39.13742883118965
2024-01-09 13:00:00,26.041227910818005,30.795660721064575,29.81831027220649,12.656753836014172,32.404393128278556,36.531506412225696
2024-01-09 14:00:00,26.26591198224557,36.12739721420415,34.79362891410517,13.106636302909266,25.86393348745952,44.44248429382378
2024-01-09 15:00:00,20.586437521939025,38.138478483689404,21.033732378474067,11.877149521900755,27.61683576068132,36.87804597465051
2024-01-09 16:00:00,8.973454054106254,32.935540276712025,25.91146530751397,8.100074750552704,41.35864775473253,41.86155473486861
2024-01-09 17:00:00,10.472048665881099,36.06269938507672,23.546023641863435,10.979853812397307,49.79138856185153,39.987135045032645
2024-01-09 18:00:00,9.786576562551874,38.37166820821703,24.335911345679925,11.64728707187994,48.86166540183696,45.20192888299465
2024-01-09 19:00:00,8.741024924152809,45.770612610139416,29.823878799029345,10.180561381787513,56.08541673751825,38.894338429822874
2024-01-09 20:00:00,15.297778241084506,43.80042130406721,34.4746811274347,15.828685778765362,59.414444333972064,51.391685594218885
2024-01-09 21:00:00,28.499849317891943,49.380065112157055,18.53336404238534,9.090954026150785,60.83972229094331,54.75898066296173
2024-01-09 22:00:00,20.19974197206386,46.2254995119718,17.45758726015384,9.675109470436894,64.55987368260739,59.36544011278198
2024-01-09 23:00:00,20.136070371057684,54.06264316368298,22.77706663574201,9.620919641960665,64.71465233551152,54.85280003212741
2024-01-10 00:00:00,33.50033871397793,52.648388135110785,29.529286615731994,14.391677968582297,73.25879377678342,53.06374414138714
2024-01-10 01:00:00,34.077315882011725,52.86107968808128,34.902140365190306,12.851715150886012,72.18032559476016,57.476237928965894
2024-01-10 02:00:00,36.60284259733499,44.72329207924703,34.93883155685788,9.827323330914751,63.43074141888796,36.42089645770816
2024-01-10 03:00:00,36.389289820389145,50.57456273426141,27.409048170268708,14.332616204757672,70.64822932633714,40.20967874032005
2024-01-10 04:00:00,47.37528686153686,42.649966699966434,14.9869582261523,12.74009422061378,66.90750975460888,35.19939129938554
2024-01-10 05:00:00,42.89051863868893,45.4771059530408,24.93763289350684,10.220443401217608,50.557856418972634,42.52329107003321
2024-01-10 06:00:00,54.04660309615234,34.07482452120967,20.65030042674762,10.838323438087098,47.381246035228315,46.52860258718449
2024-01-10 07:00:00,51.358450107555214,37.4580496046249,25.795369196768494,10.112666254432895,45.93350242073481,48.50114903953224
2024-01-10 08:00:00,45.60162731928827,37.59463807288699,17.64261556201354,11.399846914519518,43.29468528560096,42.09855496298872
2024-01-10 09:00:00,40.460983664970975,35.20977006798384,26.34046979794312,9.527676638598322,35.5439163488115,37.228486386916835
2024-01-10 10:00:00,42.823635647381565,22.20871169724317,29.767524904157845,10.47732932691089,28.437455513434628,40.02190589880793
2024-01-10 11:00:00,29.459477342206704,33.98190703579253,25.414011951706776,9.45879239748496,29.510440328625258,40.39145016677252
2024-01-10 12:00:00,35.24805451436339,35.27025649943543,24.580047221458614,12.145963346142604,21.12646088672542,36.7245258772749
2024-01-10 13:00:00,33.0766307005336,32.52176723063612,12.232753153887456,14.441781936517849,35.69123346277154,39.05709062137957
2024-01-10 14:00:00,27.645009864761864,35.36446819283579,26.858621326238744,13.132131525092746,32.96087303964471,43.12217928625169
2024-01-10 15:00:00,14.649909666979662,30.640025063294676,25.772690621284095,13.139411620900328,36.7295946946808,39.75967364708125
2024-01-10 16:00:00,5.592185069514418,38.810943889741544,27.959439382849308,15.475561849939771,40.18430956320265,36.47845511664926
2024-01-10 17:00:00,6.915977730170642,39.0006903440245,27.88199728875846,14.59965003825103,45.14988310372511,36.76997717294795
2024-01-10 18:00:00,13.973001601305796,42.479410172522925,28.90256574267277,7.163133660084269,46.7753852074787,44.66534784982301
2024-01-10 19:00:00,6.3128573749377885,36.41490041239115,25.438539415995937,14.515637165268648,56.545328190226485,43.27432113407499
2024-01-10 20:00:00,13.891323571351297,48.397111797933626,22.736583061675706,9.000952550122072,67.01236003857345,56.80563734871707
2024-01-10 21:00:00,17.331328074301595,43.58854886630335,22.641902967536268,12.05396333658652,69.81407479501064,54.815084619114806
2024-01-10 22:00:00,17.644884625170086,49.226270741013025,24.94856693738075,13.15563836483003,64.92435715986599,58.11432578668045
2024-01-10 23:00:00,22.411709789407702,47.01169799873237,22.50629593603124,11.324173716752295,64.49807223150992,59.64158541549047
2024-01-11 00:00:00,25.465572187131805,55.40389837380094,34.662055198282474,11.911666439873702,68.35558755760482,50.60481723901166
2024-01-11 01:00:00,40.59213750887569,56.246361625080155,21.539172921921654,12.607131129202852,72.75799283609835,57.4854466425005
2024-01-11 02:00:00,55.48513285145376,45.17519973338719,15.249228808242453,13.551329777460623,67.54379925549084,43.856823793259416
2024-01-11 03:00:00,49.954497922517874,49.969404049968944,34.55184455914444,12.589239574097274,70.34489499496105,39.22776764182713
2024-01-11 04:00:00,43.07946356951206,43.401522352793336,28.066801572215564,11.730128387707977,59.32031080893841,41.19680391038714
2024-01-11 05:00:00,51.67558930847467,41.11890505446384,22.20008557761912,14.0983907739569,51.58426298067816,33.66571561113867
2024-01-11 06:00:00,42.288739081944925,35.895366287971505,24.2811522184711,13.28273822746127,44.63789626732341,39.25180866256379
2024-01-11 07:00:00,50.211152059242124,34.84145734678297,16.967679232957636,10.660016466127882,47.64307988058043,40.69416717809311
2024-01-11 08:00:00,48.75811736171106,40.947428807146075,16.753928487986336,14.076404988741302,47.707937565280574,38.29457969895362
2024-01-11 09:00:00,41.07125501658748,34.294607583382025,20.05742587723606,9.952575925168759,33.23552089401627,36.26796406496783
2024-01-11 10:00:00,40.36170696699715,32.54227622214741,30.726867827619266,11.067075972245823,24.51251536350305,37.89986027322277
2024-01-11 11:00:00,34.20655724944878,32.25133756252679,29.758239740584308,11.875646478393469,38.45696459421288,41.369651710394365
2024-01-11 12:00:00,28.27895186268316,31.593062125357207,27.74767446715128,10.290618431288213,31.473052330287533,36.260193326323666
2024-01-11 13:00:00,29.591313937445584,31.091125890322857,23.104620134321404,10.939160720859931,32.66000146391898,41.58881911833613
2024-01-11 14:00:00,26.853776467281072,31.032279764635636,16.08028232658616,13.877271908070476,24.450117828458517,44.38840643621694
2024-01-11 15:00:00,15.86539443963299,32.68930786469608,27.721426098198524,13.231288724607484,36.464732371596504,37.85014723954272
2024-01-11 16:00:00,14.785654263415195,34.7997853905284,33.3853884189875,11.180257451132302,36.2994524818221,32.36114141315772
2024-01-11 17:00:00,17.188653417653676,39.21152933357372,25.043237599290105,13.117294562616959,48.97050735761053,34.9310034649332
2024-01-11 18:00:00,17.286194561839064,40.79041711132926,24.824929233967456,10.036385788197403,47.56604282751288,36.89615876532695
2024-01-11 19:00:00,12.962248240328623,46.61826011710662,30.921424103091272,10.597916633787518,54.36003659605168,38.21429871863419
2024-01-11 20:00:00,15.401491687031855,41.48784681302807,31.979504382562027,11.381983005212593,59.13849315538217,51.24444526183721
2024-01-11 21:00:00,19.919891741382877,50.958161643533955,25.867932752884073,10.324985127515994,64.12820804673035,54.334195948602215
2024-01-11 22:00:00,14.573942328248082,45.31546989250687,26.039799139832564,12.490720765532412,73.24479214322142,57.961844053630735
2024-01-11 23:00:00,28.702275781120324,46.00839950534219,20.895690542918768,10.842431008099927,77.06568052701638,53.069724137152804
2024-01-12 00:00:00,30.232317733882876,54.011181896882945,25.661091703075044,9.804399239364631,74.93959419085434,60.189349784992864
2024-01-12 01:00:00,42.74774335051366,47.56240431758228,25.69494171434582,12.997054326808385,68.21964449237795,53.743363049749284
2024-01-12 02:00:00,27.600643368070035,50.52456790085644,20.68999483384769,11.553221826081867,68.60817345461204,42.34853188384207
2024-01-12 03:00:00,39.18840084714144,54.62265766117328,27.489414089214275,8.104578944517,56.82219323532956,41.53324352719437
2024-01-12 04:00:00,47.865902590136756,40.3316234246625,31.8590936313478,10.022903802966482,62.592420460876774,40.615495868945
2024-01-12 05:00:00,49.009746326557526,41.75704357038953,28.325382240432916,11.218045760526154,49.46811685442724,40.87975746549981
2024-01-12 06:00:00,47.80678043675726,40.25609554497777,29.92350466535156,10.215331369526373,46.30420603442816,40.00999200497345
2024-01-12 07:00:00,44.1446678105805,37.76544852235502,24.203843341097986,11.586847957682702,47.54063035449521,41.67452251327953
2024-01-12 08:00:00,49.94942468135319,37.82591388482935,19.721484607733295,8.8107394807443,37.0470960331372,38.123457487735756
2024-01-12 09:00:00,45.39276135526839,30.80979586552575,15.89823331047583,13.602622934868881,33.64146618234492,40.15672403633341
2024-01-12 10:00:00,35.517605683636155,29.115117568582964,21.772283443329275,11.251309681069435,27.32277556893824,43.01644430784069
2024-01-12 11:00:00,37.95656325392929,33.462146634428144,18.610781839137672,11.13059521605019,28.78898517126446,41.379979944968184
2024-01-12 12:00:00,34.17928938511964,32.88785597606081,18.32309032491348,10.918426088442718,28.759947110870026,39.90009767262002
2024-01-12 13:00:00,19.268486260436156,23.639804810195564,21.99577162740015,14.155739831424643,34.44723774451239,36.990457649845254
2024-01-12 14:00:00,17.968301296492353,32.86672626328857,25.549402567503368,13.48679622704429,26.95807505363546,36.609114048593945
2024-01-12 15:00:00,6.128107298432328,40.342331563256,16.983135748984786,13.503745949766342,48.30239318991876,39.92292837458382
2024-01-12 16:00:00,13.659023223326622,31.74512858081278,25.23694989541806,14.565919026451649,45.04772848618616,36.70776102530321
2024-01-12 17:00:00,12.217886549442364,38.03590602086828,28.851774589125448,10.360945666727305,40.69099187175802,33.98942199563943
2024-01-12 18:00:00,4.299061227948674,41.80628195455766,21.6563116852372,9.8986129440536,49.582926946144966,34.44682277181924
2024-01-12 19:00:00,7.199593423827436,45.770659807208396,23.583711054895943,11.931281556053325,54.28213628492306,40.553918872449316
2024-01-12 20:00:00,10.087421664205914,46.51834616418658,25.66185019341646,13.161105921747117,59.74250579164106,58.27369554055488
2024-01-12 21:00:00,15.805993365327716,40.344072643647344,24.912686083636512,10.213515650534848,69.01721960262277,57.05981267490298
2024-01-12 22:00:00,25.482801562705742,50.81478241507353,22.89029814969169,15.640796067169326,64.48407249908634,53.944608070913525
2024-01-12 23:00:00,27.852664265658458,46.13447002161115,33.13589357506802,12.614248260903576,76.62667542284386,55.02148900016497
2024-01-13 00:00:00,26.326852988790783,46.81462010371143,26.324418344990637,11.758401330107109,69.94967193741417,53.42125538190661
2024-01-13 01:00:00,33.37624384769528,50.950600999186186,24.91391713213182,9.575566539979414,70.29217885616985,54.15309113601407
2024-01-13 02:00:00,39.35358964154319,45.64815545980585,18.54376883042357,12.314694207199002,64.639001535759,38.5440159336738
2024-01-13 03:00:00,42.08545254195143,45.13348461896474,25.939482818721103,11.233894041154008,72.68470009206501,40.0381446044329
2024-01-13 04:00:00,45.29568845393127,43.37183147370222,18.589612590142153,11.594173985870023,63.292374876291596,41.0180626678644
2024-01-13 05:00:00,46.62606033898216,42.2961982902694,19.123709355483655,8.87897830588226,63.38459082157119,37.03771844185779
2024-01-13 06:00:00,45.12668049553619,37.711424850446775,30.875491321468722,11.463475077378975,46.61541101432029,42.55769068495773
2024-01-13 07:00:00,46.76847123315904,34.507591666871456,28.100191477144683,8.52040226848562,47.33830480396412,43.33243963737073
2024-01-13 08:00:00,50.28422932226562,30.57585219581822,28.509267061936658,10.847707487125382,37.254336220636446,42.728696964541676
2024-01-13 09:00:00,47.40429673115453,36.89953180692349,29.557108650690942,9.390151644047318,32.512479783265796,36.54074441413275
2024-01-13 10:00:00,36.49044374412047,36.214297717182276,20.37143826289215,13.035044257469316,34.10035003444126,38.996841070958915
2024-01-13 11:00:00,34.40417376042122,31.217972202575787,18.180776794466365,15.264215706570681,29.170975659711807,41.10514399937678
2024-01-13 12:00:00,21.57873254606665,26.40747123516143,15.72047307247757,15.4723240121609,24.658158612885664,39.623371783375426
2024-01-13 13:00:00,25.700261882397097,35.03642177198544,15.610995217386254,12.000570299943767,28.980238048522146,39.002099933314284
2024-01-13 14:00:00,15.122846123286589,30.63507091632779,18.215871791005526,13.561216207840921,29.670429815301876,37.47895295304474
2024-01-13 15:00:00,20.649646458292874,32.988201308977914,28.151158306647112,9.263450830331738,42.54916808126663,38.518911780619305
2024-01-13 16:00:00,16.52418906088734,30.20762451083776,20.682907536888948,11.09579240523703,34.828046713838525,38.24590051269274
2024-01-13 17:00:00,2.895912913773131,30.49192560653115,21.843272024799266,11.423032671429672,37.6812172377483,39.57221340870822
2024-01-13 18:00:00,19.273493513087594,39.64814618929511,28.024735420721036,13.913408515964768,45.88978744150691,35.484450595197316
2024-01-13 19:00:00,11.812680539426006,44.46134354384088,29.993738288848977,11.465220899922587,51.713560484923484,34.7749694961605
2024-01-13 20:00:00,6.370559815754461,49.93765578272227,35.20789816901943,12.20718584833502,52.325839953589686,56.90746134637808
2024-01-13 21:00:00,19.04584337836874,51.10386340479206,21.583565080326547,14.537800811722057,60.61128494626138,53.288089340281566
2024-01-13 22:00:00,25.452996918103256,47.23120463986046,31.955950561302714,11.509150463511599,65.29616664915041,61.90731799222915
2024-01-13 23:00:00,26.049231475744843,53.722066255242325,27.843202701475054,12.944576156243983,66.74504368406204,55.10500969618408
2024-01-14 00:00:00,24.51077718263724,48.435875331869646,21.477927331779654,11.277932379822495,69.54203698731386,57.13883664046664
2024-01-14 01:00:00,38.43095196748101,51.32397952373134,19.772131629253966,12.558474660225087,68.00395036986632,52.75685272172039
2024-01-14 02:00:00,36.398750122388044,56.48985608399323,30.41374561186413,11.326881153596503,66.46988756305733,43.58450168470952
2024-01-14 03:00:00,50.92464494813191,50.690557256552665,16.21932659611528,15.692765594828447,64.27336556124372,43.15603899636072
2024-01-14 04:00:00,47.8441610512352,44.96226276847039,13.755597679387247,9.505569122229167,63.55449208917989,38.224840093083664
2024-01-14 05:00:00,49.7671339054723,49.60439715112504,25.056041263384564,9.625288188901333,53.722364701555186,37.74906318548364
2024-01-14 06:00:00,56.50753538438581,43.33474869352879,25.963479360351645,11.024685917970459,44.186872233994,36.61499473023351
2024-01-14 07:00:00,44.97708653345443,41.512840629093276,37.92493301113114,11.017748408124971,45.38547815921867,39.386837713364116
2024-01-14 08:00:00,45.93656248942613,31.875488598770886,26.848251384432032,8.387806909511633,39.911969621540784,38.830246815370394
2024-01-14 09:00:00,43.72145557030084,35.423601956825294,20.873520459060856,10.93321917546325,32.81800955937997,42.32800367930069
2024-01-14 10:00:00,37.26158934537524,31.200587305716684,22.204364907777588,16.142491578201945,33.20232975718344,42.20619864517096
2024-01-14 11:00:00,38.505601570661966,33.718296491950504,22.419357482342292,12.972078200068372,26.531927467098456,42.724014065129474
2024-01-14 12:00:00,34.728840826129584,36.77490199862347,22.946910799423833,14.815442978102478,33.28153767627436,39.07898777153882
2024-01-14 13:00:00,29.335236764417914,27.779213703747633,21.732740449217776,13.183237877031857,22.342156073299986,42.06808980035883
2024-01-14 14:00:00,18.039145294442122,20.759485664769073,21.505921858461353,13.18347043965294,32.202278463106026,41.001708467317464
2024-01-14 15:00:00,11.567435154096845,26.372808841233507,29.607042615290823,14.813946729108286,30.590554473811572,36.286008989790474
2024-01-14 16:00:00,9.725715290264528,37.419953443736134,28.885409348758223,16.057458216824827,38.82893632963107,43.74361785432126
2024-01-14 17:00:00,5.843394538018697,36.28154354081425,19.532102771059478,12.237189871212045,55.902968448069075,40.67001515749963
2024-01-14 18:00:00,13.389294141971796,36.03977590228152,20.031390502495558,17.574410177316906,54.49971250549639,36.97648243505256
2024-01-14 19:00:00,13.997883781326005,42.50929029284873,22.782100611521717,12.381272416971374,51.606279991694095,43.652900452293764
2024-01-14 20:00:00,15.240671859459518,39.108989091005775,20.16568061465325,12.855755194254527,57.10865582213794,51.77557911646493
2024-01-14 21:00:00,18.66674566793203,40.49406315165234,30.08438098944957,13.720864171054044,64.75086096067375,56.43128744194697
2024-01-14 22:00:00,27.32241053097695,53.067175107332886,26.40644206427068,12.949400714193409,69.71788083693605,48.593503443884586
2024-01-14 23:00:00,12.577161033749562,49.85082363636144,23.78856434936206,12.655238854310838,67.5696470209877,55.23564210898907
