timestamp,latitude,longitude,temperature_degC,humidity_percent,wind_speed_ms,rain_mm,solar_radiation_wm2
11/1/2021 12:00,49.17380202,9.212031716,2.66,63.85,0,0,391.39
11/2/2021 12:00,49.17380202,9.212031716,0.09,63.78,0,0,411.03
11/3/2021 12:00,49.17380202,9.212031716,2.24,64.12,0,0,399.12
11/4/2021 12:00,49.17380202,9.212031716,8.86,69.09,2.83,0,335.35
11/5/2021 12:00,49.17380202,9.212031716,1.09,58.43,2.25,0,451.51
11/6/2021 12:00,49.17380202,9.212031716,5.49,61.45,0.56,0,408.93
11/7/2021 12:00,49.17380202,9.212031716,3.59,65.23,0,0,376.43
11/8/2021 12:00,49.17380202,9.212031716,4.6,68.26,0.94,0,400
11/9/2021 12:00,49.17380202,9.212031716,0.74,55.34,0.94,1.92,370.77
11/10/2021 12:00,49.17380202,9.212031716,2.4,63.74,1.27,0,404.26
11/11/2021 12:00,49.17380202,9.212031716,3.85,65.69,1.03,0,409.02
11/12/2021 12:00,49.17380202,9.212031716,-1.99,66.03,2.17,0,483.68
11/13/2021 12:00,49.17380202,9.212031716,3.06,65.68,2.52,0,433.44
11/14/2021 12:00,49.17380202,9.212031716,7.34,63.6,2.22,0,447.87
11/15/2021 12:00,49.17380202,9.212031716,2.38,62.42,3.76,0,473.37
11/16/2021 12:00,49.17380202,9.212031716,6.71,75.57,1.47,0,504.05
11/17/2021 12:00,49.17380202,9.212031716,5.13,65.67,3.32,0,503
11/18/2021 12:00,49.17380202,9.212031716,1.47,63.62,0.87,1,466.06
11/19/2021 12:00,49.17380202,9.212031716,9.17,65.69,1.93,0,432.59
11/20/2021 12:00,49.17380202,9.212031716,2.99,52.98,0.23,0,454.04
11/21/2021 12:00,49.17380202,9.212031716,2.01,71.87,1.41,0.01,443.8
11/22/2021 12:00,49.17380202,9.212031716,5.14,67.88,1.78,0.71,491.29
11/23/2021 12:00,49.17380202,9.212031716,2.46,63.79,3.55,0,435.47
11/24/2021 12:00,49.17380202,9.212031716,9.02,61.4,0,0,468.99
11/25/2021 12:00,49.17380202,9.212031716,4.82,61.66,1.16,0,521.19
11/26/2021 12:00,49.17380202,9.212031716,6.26,64.14,4.02,0,552.39
11/27/2021 12:00,49.17380202,9.212031716,4.92,58.52,0.29,0,388.81
11/28/2021 12:00,49.17380202,9.212031716,4.64,78.68,0.48,0,487.3
11/29/2021 12:00,49.17380202,9.212031716,5.85,57.1,1.97,0,509.8
11/30/2021 12:00,49.17380202,9.212031716,6.5,62.42,1.41,0,414.87
12/1/2021 12:00,49.17380202,9.212031716,7.61,67.93,0,0,490.95
12/2/2021 12:00,49.17380202,9.212031716,6.21,65.46,0,0,524.3
12/3/2021 12:00,49.17380202,9.212031716,6.57,67.39,1.25,0,583.29
12/4/2021 12:00,49.17380202,9.212031716,4.23,59.65,0,0,459.61
12/5/2021 12:00,49.17380202,9.212031716,5.2,66.45,1.58,0,546.9
12/6/2021 12:00,49.17380202,9.212031716,4.81,65.67,1.91,0,521.94
12/7/2021 12:00,49.17380202,9.212031716,6.92,58.33,0.98,0,520.25
12/8/2021 12:00,49.17380202,9.212031716,9.44,63.6,2,1.67,424.79
12/9/2021 12:00,49.17380202,9.212031716,8.97,65.45,0.14,0,548.74
12/10/2021 12:00,49.17380202,9.212031716,6.52,69.72,2.72,0,535.44
12/11/2021 12:00,49.17380202,9.212031716,7.01,69.09,5.18,0,532.13
12/12/2021 12:00,49.17380202,9.212031716,10.3,63.75,1.09,0,555.27
12/13/2021 12:00,49.17380202,9.212031716,3.44,66.83,1.66,0,571.84
12/14/2021 12:00,49.17380202,9.212031716,10.01,73.03,2.59,0,600.3
12/15/2021 12:00,49.17380202,9.212031716,3.15,66.24,3.09,0,551.49
12/16/2021 12:00,49.17380202,9.212031716,10.48,64.75,0,0,568.93
12/17/2021 12:00,49.17380202,9.212031716,9.07,73.08,2.91,0,544.79
12/18/2021 12:00,49.17380202,9.212031716,10.46,81.38,1.71,0,596.21
12/19/2021 12:00,49.17380202,9.212031716,8.29,74.77,3.28,0,560.8
12/20/2021 12:00,49.17380202,9.212031716,9.1,68.72,1.26,0,558.54
12/21/2021 12:00,49.17380202,9.212031716,9.02,73.6,0.67,0,573.84
12/22/2021 12:00,49.17380202,9.212031716,9.62,74.32,0.8,0,620.3
12/23/2021 12:00,49.17380202,9.212031716,9.02,73.54,2.16,0,580.39
12/24/2021 12:00,49.17380202,9.212031716,8.74,66.69,3.53,0,587.79
12/25/2021 12:00,49.17380202,9.212031716,10.47,61.83,1.86,0,647.25
12/26/2021 12:00,49.17380202,9.212031716,9.38,69.29,0.84,0,594.31
12/27/2021 12:00,49.17380202,9.212031716,8.52,65.2,0.13,0,609.88
12/28/2021 12:00,49.17380202,9.212031716,13.31,69.25,4.21,0,616.79
12/29/2021 12:00,49.17380202,9.212031716,7.2,71.51,0,0,646.29
12/30/2021 12:00,49.17380202,9.212031716,11.84,58.93,1.78,0,611.54
12/31/2021 12:00,49.17380202,9.212031716,9.63,73.94,3.7,5.03,644.91
1/1/2022 12:00,49.17380202,9.212031716,11.04,69.56,1.51,0,593.1
1/2/2022 12:00,49.17380202,9.212031716,13.91,86.42,2.1,,589.71
1/3/2022 12:00,49.17380202,9.212031716,10.15,74.68,2.77,0,654.11
1/4/2022 12:00,49.17380202,9.212031716,10.23,73.02,0,0,635.28
1/5/2022 12:00,49.17380202,9.212031716,9.14,73.55,4.37,0,686.21
1/6/2022 12:00,49.17380202,9.212031716,11.38,74.09,3.24,0,664.41
1/7/2022 12:00,49.17380202,9.212031716,10.76,69.97,3.08,0,652.41
1/8/2022 12:00,49.17380202,9.212031716,14.9,69.38,0,0,677.97
1/9/2022 12:00,49.17380202,9.212031716,9.01,70.61,1.46,0,665.58
1/10/2022 12:00,49.17380202,9.212031716,12.78,71.25,1.53,0,692.6
1/11/2022 12:00,49.17380202,9.212031716,11.21,71.32,2.08,0.49,763.93
1/12/2022 12:00,49.17380202,9.212031716,13.15,74.22,1.61,0,746.34
1/13/2022 12:00,49.17380202,9.212031716,16.36,71.5,5.35,0,705.72
1/14/2022 12:00,49.17380202,9.212031716,15.26,68,2.54,0.2,584.13
1/15/2022 12:00,49.17380202,9.212031716,9.66,76.4,0,0,643.61
1/16/2022 12:00,49.17380202,9.212031716,12.11,74.97,2.52,0.38,651.49
1/17/2022 12:00,49.17380202,9.212031716,15.91,71.4,3.43,0,765.88
1/18/2022 12:00,49.17380202,9.212031716,15.18,73.67,3.51,0,790.93
1/19/2022 12:00,49.17380202,9.212031716,16.49,69.16,0,0,743.91
1/20/2022 12:00,49.17380202,9.212031716,12.1,80.2,2.18,0,723.36
1/21/2022 12:00,49.17380202,9.212031716,16.24,65.09,5.4,0,786.11
1/22/2022 12:00,49.17380202,9.212031716,16.46,74.31,0,0,734.08
1/23/2022 12:00,49.17380202,9.212031716,14.87,74.05,1.13,0,733.52
1/24/2022 12:00,49.17380202,9.212031716,17.74,68.6,6.53,0,737.65
1/25/2022 12:00,49.17380202,9.212031716,14.59,76.65,3.46,0,705.35
1/26/2022 12:00,49.17380202,9.212031716,13.09,79.21,3.12,0,742.85
1/27/2022 12:00,49.17380202,9.212031716,19.54,72.57,3.24,5.36,813.76
1/28/2022 12:00,49.17380202,9.212031716,14.66,69.54,4.91,0,735.03
1/29/2022 12:00,49.17380202,9.212031716,14.63,82.23,2.77,0,721.7
1/30/2022 12:00,49.17380202,9.212031716,13.65,75.2,2.53,0,766.56
1/31/2022 12:00,49.17380202,9.212031716,14.85,80.4,1.96,0,782.93
2/1/2022 12:00,49.17380202,9.212031716,17.65,66.91,2.33,0,751.22
2/2/2022 12:00,49.17380202,9.212031716,15.07,65.48,2.28,0,808.11
2/3/2022 12:00,49.17380202,9.212031716,20.89,82.23,1.7,0,739.57
2/4/2022 12:00,49.17380202,9.212031716,16.85,72.59,2.03,,779.95
2/5/2022 12:00,49.17380202,9.212031716,21.83,81.01,2.64,0,797.44
2/6/2022 12:00,49.17380202,9.212031716,19.19,66.05,2.26,0,729.18
2/7/2022 12:00,49.17380202,9.212031716,17.76,67.67,1.44,0,852.97
2/8/2022 12:00,49.17380202,9.212031716,17.09,79.23,4.36,0,812.51
2/9/2022 12:00,49.17380202,9.212031716,16.15,71.56,6.44,0,808.08
2/10/2022 12:00,49.17380202,9.212031716,16.27,79.86,3.52,0,784.37
2/11/2022 12:00,49.17380202,9.212031716,17.06,79.2,3.44,0,774.3
2/12/2022 12:00,49.17380202,9.212031716,16.19,70.44,11.13,0,833.1
2/13/2022 12:00,49.17380202,9.212031716,,71.05,0.43,0,833.83
2/14/2022 12:00,49.17380202,9.212031716,15,72.04,1.96,0,812.68
2/15/2022 12:00,49.17380202,9.212031716,18.97,80.04,5.01,0,820.22
2/16/2022 12:00,49.17380202,9.212031716,19.8,76.01,2.32,0,773.43
2/17/2022 12:00,49.17380202,9.212031716,17.25,82.3,4.03,0.17,748.43
2/18/2022 12:00,49.17380202,9.212031716,19.48,73.07,1.04,0,864.9
2/19/2022 12:00,49.17380202,9.212031716,21.5,73.37,0.34,0,880.23
2/20/2022 12:00,49.17380202,9.212031716,19.41,74.83,2.64,0,846.41
2/21/2022 12:00,49.17380202,9.212031716,20.01,72.03,5.86,0,844.47
2/22/2022 12:00,49.17380202,9.212031716,19.83,77.57,0,0,866.5
2/23/2022 12:00,49.17380202,9.212031716,24.94,83.86,4.32,1.75,906.31
2/24/2022 12:00,49.17380202,9.212031716,19.93,86.82,2.14,2.04,772.42
2/25/2022 12:00,49.17380202,9.212031716,23.05,77.47,2.04,1.98,829.77
2/26/2022 12:00,49.17380202,9.212031716,23.43,71.56,3.57,0,771.39
2/27/2022 12:00,49.17380202,9.212031716,19.1,77.37,1.45,0,799.91
2/28/2022 12:00,49.17380202,9.212031716,16.27,75.4,3.15,0,831.42
3/1/2022 12:00,49.17380202,9.212031716,16.98,79.61,5.31,0,879.86
3/2/2022 12:00,49.17380202,9.212031716,13.16,79.24,2.85,0,816.14
3/3/2022 12:00,49.17380202,9.212031716,19.16,75.18,4.36,0,823.41
3/4/2022 12:00,49.17380202,9.212031716,17.98,78.25,3.74,0,873.67
3/5/2022 12:00,49.17380202,9.212031716,14.61,85.5,4.53,0,957.11
3/6/2022 12:00,49.17380202,9.212031716,20.96,78.85,0.67,0,869.54
3/7/2022 12:00,49.17380202,9.212031716,21.37,68.86,1.99,0,852.17
3/8/2022 12:00,49.17380202,9.212031716,17.66,67.62,3.5,0,891.4
3/9/2022 12:00,49.17380202,9.212031716,22.6,69.58,1.87,0,865.14
3/10/2022 12:00,49.17380202,9.212031716,19.73,81.84,3.08,0,901.8
3/11/2022 12:00,49.17380202,9.212031716,22.02,74.18,3.2,0,902.45
3/12/2022 12:00,49.17380202,9.212031716,19.23,76.73,2.33,0,819.46
3/13/2022 12:00,49.17380202,9.212031716,15.53,84.55,2.71,0,891.14
3/14/2022 12:00,49.17380202,9.212031716,21.29,74.91,1.45,0,848.7
3/15/2022 12:00,49.17380202,9.212031716,20.06,77.34,2.37,0,888.95
3/16/2022 12:00,49.17380202,9.212031716,19.43,83.56,3.78,0,910.19
3/17/2022 12:00,49.17380202,9.212031716,18.33,79.35,4.42,0,923.38
3/18/2022 12:00,49.17380202,9.212031716,18.05,82.52,2.12,0,852.08
3/19/2022 12:00,49.17380202,9.212031716,18.77,70.43,4.24,0,914.21
3/20/2022 12:00,49.17380202,9.212031716,18.77,88.59,6.72,0,865.39
3/21/2022 12:00,49.17380202,9.212031716,18.82,84.34,6.78,0.58,846.23
3/22/2022 12:00,49.17380202,9.212031716,21.24,79.16,1.77,0,860.22
3/23/2022 12:00,49.17380202,9.212031716,21.4,79.02,4.58,0,894.8
3/24/2022 12:00,49.17380202,9.212031716,19.3,95.43,5.36,0,982.14
3/25/2022 12:00,49.17380202,9.212031716,20.45,75.75,4.78,0,926.6
3/26/2022 12:00,49.17380202,9.212031716,19.73,71.47,2.15,0.39,895.77
3/27/2022 12:00,49.17380202,9.212031716,20.06,75,0.66,0,887.18
3/28/2022 12:00,49.17380202,9.212031716,19.77,77.07,6.62,0,855.46
3/29/2022 12:00,49.17380202,9.212031716,17.23,81.8,6.44,0,894.38
3/30/2022 12:00,49.17380202,9.212031716,22.54,78.42,2.65,0,903.37
3/31/2022 12:00,49.17380202,9.212031716,,87.34,6.33,0,893.6
4/1/2022 12:00,49.17380202,9.212031716,24.07,74.42,6.24,0,892.14
4/2/2022 12:00,49.17380202,9.212031716,19.26,81.64,4.35,0,956.08
4/3/2022 12:00,49.17380202,9.212031716,21.81,79.58,3.28,0,886.15
4/4/2022 12:00,49.17380202,9.212031716,23.25,78.88,2.96,8.94,888.44
4/5/2022 12:00,49.17380202,9.212031716,24.73,68.01,3.31,0,913.12
4/6/2022 12:00,49.17380202,9.212031716,15.49,85.06,1.88,0,878.75
4/7/2022 12:00,49.17380202,9.212031716,19.11,71.87,2.6,0,883.32
4/8/2022 12:00,49.17380202,9.212031716,20.35,75.71,2.92,0,907.93
4/9/2022 12:00,49.17380202,9.212031716,20.06,78.76,0,0,826.61
4/10/2022 12:00,49.17380202,9.212031716,18.11,89.19,1.89,0,966.03
4/11/2022 12:00,49.17380202,9.212031716,22.8,83.02,3.96,0,813.62
4/12/2022 12:00,49.17380202,9.212031716,19.86,71.76,1.15,0,892.86
4/13/2022 12:00,49.17380202,9.212031716,19.16,77.76,3.27,0,852.91
4/14/2022 12:00,49.17380202,9.212031716,15.41,86.23,5.35,0.57,938.35
4/15/2022 12:00,49.17380202,9.212031716,22.73,75.99,2.73,0,889.65
4/16/2022 12:00,49.17380202,9.212031716,19.89,77.36,1.65,0,915.8
4/17/2022 12:00,49.17380202,9.212031716,19.64,75.59,4.86,0,938.95
4/18/2022 12:00,49.17380202,9.212031716,22.62,78.86,0.71,0,837.9
4/19/2022 12:00,49.17380202,9.212031716,15.25,85.66,3.7,1.85,856.73
4/20/2022 12:00,49.17380202,9.212031716,19.43,78.3,0,0,961.02
4/21/2022 12:00,49.17380202,9.212031716,21.68,79.71,4.99,0,940.02
4/22/2022 12:00,49.17380202,9.212031716,19.27,77.71,5.98,0.74,921.19
4/23/2022 12:00,49.17380202,9.212031716,19.86,74.87,1.98,0,877.3
4/24/2022 12:00,49.17380202,9.212031716,18.88,77.1,4.76,0.12,833.19
4/25/2022 12:00,49.17380202,9.212031716,18.16,77.39,1.07,0,890.26
4/26/2022 12:00,49.17380202,9.212031716,23.78,70.71,3.16,0,881.1
4/27/2022 12:00,49.17380202,9.212031716,19.99,80.19,6.43,0,827.71
4/28/2022 12:00,49.17380202,9.212031716,21.31,74.34,2.06,0,872.08
4/29/2022 12:00,49.17380202,9.212031716,20.67,86.35,3.47,0,858.46
4/30/2022 12:00,49.17380202,9.212031716,18.76,86.14,4.12,0,930.93
5/1/2022 12:00,49.17380202,9.212031716,17.85,75.65,2.84,0,882.97
5/2/2022 12:00,49.17380202,9.212031716,18.28,74.18,4.61,0,843.77
5/3/2022 12:00,49.17380202,9.212031716,17.84,71.52,3.96,0,883.81
5/4/2022 12:00,49.17380202,9.212031716,19.11,81.18,3.13,0,861.87
5/5/2022 12:00,49.17380202,9.212031716,14.24,73.49,5,0,819.35
5/6/2022 12:00,49.17380202,9.212031716,19.75,82.05,1.27,0,813.94
5/7/2022 12:00,49.17380202,9.212031716,19.88,76.63,2.52,0,769.9
5/8/2022 12:00,49.17380202,9.212031716,21.12,75.39,4.59,0,877.68
5/9/2022 12:00,49.17380202,9.212031716,17.58,76.62,1.25,0.36,849.69
5/10/2022 12:00,49.17380202,9.212031716,16.85,87.17,2.61,0,903.22
5/11/2022 12:00,49.17380202,9.212031716,20.79,82.28,2.5,4.19,820.21
5/12/2022 12:00,49.17380202,9.212031716,19.15,68.6,4.57,2.25,845.26
5/13/2022 12:00,49.17380202,9.212031716,17.23,75.01,3.7,0,854.65
5/14/2022 12:00,49.17380202,9.212031716,20.12,74.48,3.19,0,882.76
5/15/2022 12:00,49.17380202,9.212031716,18.02,69.34,5.37,0,838.87
5/16/2022 12:00,49.17380202,9.212031716,19.91,81.65,3.08,3.19,756.76
5/17/2022 12:00,49.17380202,9.212031716,19.49,75.34,1.46,0,782.44
5/18/2022 12:00,49.17380202,9.212031716,20.55,76.1,4.4,0,915.76
5/19/2022 12:00,49.17380202,9.212031716,13.41,80.27,4.06,0,832.17
5/20/2022 12:00,49.17380202,9.212031716,16.67,72.99,1.22,0,879.01
5/21/2022 12:00,49.17380202,9.212031716,16.16,69.69,5.11,0,794.43
5/22/2022 12:00,49.17380202,9.212031716,17.22,72.65,4.22,0,795.81
5/23/2022 12:00,49.17380202,9.212031716,15.58,75.37,4.26,0,742.8
5/24/2022 12:00,49.17380202,9.212031716,12.18,76.21,0.7,0,788.51
5/25/2022 12:00,49.17380202,9.212031716,16.36,75.45,5.29,0,748.59
5/26/2022 12:00,49.17380202,9.212031716,16.7,66.18,4.24,0,733.62
5/27/2022 12:00,49.17380202,9.212031716,15.13,76.51,3.75,0.38,774.38
5/28/2022 12:00,49.17380202,9.212031716,14.14,85.77,0.74,0,806.44
5/29/2022 12:00,49.17380202,9.212031716,16.87,77,1.51,0,810.84
5/30/2022 12:00,49.17380202,9.212031716,14.5,73.24,3.35,0,856.45
5/31/2022 12:00,49.17380202,9.212031716,17.54,68.5,2.46,0,739.79
6/1/2022 12:00,49.17380202,9.212031716,16.29,80.21,3.92,2.31,787.47
6/2/2022 12:00,49.17380202,9.212031716,20.07,82.22,2.89,0,738.08
6/3/2022 12:00,49.17380202,9.212031716,18.11,72.84,2,0,775.04
6/4/2022 12:00,49.17380202,9.212031716,17.61,79.65,3.6,0,702.97
6/5/2022 12:00,49.17380202,9.212031716,12.88,67.23,3.01,0,755.12
6/6/2022 12:00,49.17380202,9.212031716,14.41,71.1,3.37,0,760.11
6/7/2022 12:00,49.17380202,9.212031716,15,71.24,0,0,791.58
6/8/2022 12:00,49.17380202,9.212031716,14.22,67.06,1.85,0,820.17
6/9/2022 12:00,49.17380202,9.212031716,13.45,70.41,3.86,0,694.53
6/10/2022 12:00,49.17380202,9.212031716,15.63,73.63,0.96,0,820.5
6/11/2022 12:00,49.17380202,9.212031716,15.22,58.96,3.81,0,699.77
6/12/2022 12:00,49.17380202,9.212031716,18.48,77.41,1.18,0,716.25
6/13/2022 12:00,49.17380202,9.212031716,11.8,69.66,2.43,0,728.37
6/14/2022 12:00,49.17380202,9.212031716,15.8,73.27,2.39,0,729.81
6/15/2022 12:00,49.17380202,9.212031716,14.18,73.84,0.69,0,721.42
6/16/2022 12:00,49.17380202,9.212031716,14.76,68.8,1.78,0,718.64
6/17/2022 12:00,49.17380202,9.212031716,11.17,79.88,1.9,0,689.31
6/18/2022 12:00,49.17380202,9.212031716,14.49,73.6,2.26,0,740.32
6/19/2022 12:00,49.17380202,9.212031716,14.16,74.01,2.16,0,716.53
6/20/2022 12:00,49.17380202,9.212031716,13.97,68.08,1.34,0,727.33
6/21/2022 12:00,49.17380202,9.212031716,17.15,69.78,0.24,0,682.35
6/22/2022 12:00,49.17380202,9.212031716,11.52,75.73,2.98,0,692.56
6/23/2022 12:00,49.17380202,9.212031716,14.25,78.89,0.1,0,666.03
6/24/2022 12:00,49.17380202,9.212031716,11.08,63.51,2.59,0,662.35
6/25/2022 12:00,49.17380202,9.212031716,12.32,69.57,2.35,0.11,627.54
6/26/2022 12:00,49.17380202,9.212031716,11.99,83.71,3.53,1,662.04
6/27/2022 12:00,49.17380202,9.212031716,13.94,60.92,1.04,0,669.45
6/28/2022 12:00,49.17380202,9.212031716,8.79,63.01,2.59,0.76,646.69
6/29/2022 12:00,49.17380202,9.212031716,12.51,71.8,1.45,2.75,608.32
6/30/2022 12:00,49.17380202,9.212031716,8.72,59.89,0.47,0,658.26
7/1/2022 12:00,49.17380202,9.212031716,14.54,66.34,3.15,0,642.95
7/2/2022 12:00,49.17380202,9.212031716,8.31,72.17,0.47,,631.12
7/3/2022 12:00,49.17380202,9.212031716,10.62,66.2,2.66,0,619.39
7/4/2022 12:00,49.17380202,9.212031716,11.39,66.07,1.89,0,623.6
7/5/2022 12:00,49.17380202,9.212031716,10.25,69.32,4.85,0,618.85
7/6/2022 12:00,49.17380202,9.212031716,10.74,68.38,2.4,0,702.35
7/7/2022 12:00,49.17380202,9.212031716,10.58,67.26,4.58,0,553.8
7/8/2022 12:00,49.17380202,9.212031716,11.66,69.89,2.77,0,639.89
7/9/2022 12:00,49.17380202,9.212031716,9.78,63.25,1.39,0,607.59
7/10/2022 12:00,49.17380202,9.212031716,8.99,59.19,0,0,576.04
7/11/2022 12:00,49.17380202,9.212031716,6.97,73.75,1.58,0,583.91
7/12/2022 12:00,49.17380202,9.212031716,10.81,69.14,0.45,0.59,615.41
7/13/2022 12:00,49.17380202,9.212031716,10.59,62.25,0.85,0,580.65
7/14/2022 12:00,49.17380202,9.212031716,10.18,69.94,0,0,558.29
7/15/2022 12:00,49.17380202,9.212031716,11.18,69.07,1.33,0,512.49
7/16/2022 12:00,49.17380202,9.212031716,10.25,71.58,0,0,579.95
7/17/2022 12:00,49.17380202,9.212031716,10.85,60.7,2.36,11.64,552.03
7/18/2022 12:00,49.17380202,9.212031716,8.89,74.58,3.21,0.08,539.55
7/19/2022 12:00,49.17380202,9.212031716,10.19,71.04,3.56,0,531.82
7/20/2022 12:00,49.17380202,9.212031716,7.34,69.33,1.59,0,529.5
7/21/2022 12:00,49.17380202,9.212031716,5.51,72.85,1.92,0,612.87
7/22/2022 12:00,49.17380202,9.212031716,10.22,64.12,3.52,1.97,574.48
7/23/2022 12:00,49.17380202,9.212031716,5.93,65.87,2.42,0,610.19
7/24/2022 12:00,49.17380202,9.212031716,9.81,67.07,2.76,,608.44
7/25/2022 12:00,49.17380202,9.212031716,6.6,70.06,3.66,0,496.05
7/26/2022 12:00,49.17380202,9.212031716,4.5,64.22,2.42,0,440.97
7/27/2022 12:00,49.17380202,9.212031716,5.09,62.72,2.73,0,464.3
7/28/2022 12:00,49.17380202,9.212031716,7.2,62.08,1.37,0,444.24
7/29/2022 12:00,49.17380202,9.212031716,6.59,66.35,0,0,540.67
7/30/2022 12:00,49.17380202,9.212031716,6.86,64.37,2.34,0,511.22
7/31/2022 12:00,49.17380202,9.212031716,2.09,65.36,2.08,0,534.4
8/1/2022 12:00,49.17380202,9.212031716,9.14,70.69,1.81,0.8,405.35
8/2/2022 12:00,49.17380202,9.212031716,9.46,74.44,0.38,0.63,547.71
8/3/2022 12:00,49.17380202,9.212031716,3.06,60.33,0,0,513.26
8/4/2022 12:00,49.17380202,9.212031716,4.49,70.78,0,0,466.99
8/5/2022 12:00,49.17380202,9.212031716,3.9,62.71,0,0,511.98
8/6/2022 12:00,49.17380202,9.212031716,4.68,72.76,1.02,0,411.15
8/7/2022 12:00,49.17380202,9.212031716,5.45,62.83,0.89,0,454.21
8/8/2022 12:00,49.17380202,9.212031716,5.33,58.42,4.86,0,525.61
8/9/2022 12:00,49.17380202,9.212031716,6.55,57.78,0.81,0,457.18
8/10/2022 12:00,49.17380202,9.212031716,4.45,59.94,0,0,490.56
8/11/2022 12:00,49.17380202,9.212031716,1.28,74.31,,0,525.04
8/12/2022 12:00,49.17380202,9.212031716,0.14,67.52,2.24,0,424.27
8/13/2022 12:00,49.17380202,9.212031716,3.68,55.67,2.66,0,489.21
8/14/2022 12:00,49.17380202,9.212031716,3.71,69.6,3.63,0,434.05
8/15/2022 12:00,49.17380202,9.212031716,6.82,53.53,1.41,0,439.48
8/16/2022 12:00,49.17380202,9.212031716,2.22,59.88,2.81,0,543.84
8/17/2022 12:00,49.17380202,9.212031716,1.03,66.43,0,0.15,401.2
8/18/2022 12:00,49.17380202,9.212031716,6.16,68.95,0.48,0,433.31
8/19/2022 12:00,49.17380202,9.212031716,2.24,67.41,0.81,0,441.91
8/20/2022 12:00,49.17380202,9.212031716,4.78,62.94,0.11,0,417.46
8/21/2022 12:00,49.17380202,9.212031716,0.52,67.43,2.49,2.41,439.29
8/22/2022 12:00,49.17380202,9.212031716,,61.59,1.6,0,433.6
8/23/2022 12:00,49.17380202,9.212031716,1.29,58.37,0.35,0,382.17
8/24/2022 12:00,49.17380202,9.212031716,3.7,51.93,0,0,385.09
8/25/2022 12:00,49.17380202,9.212031716,2.1,65.8,1.21,0,440.6
8/26/2022 12:00,49.17380202,9.212031716,1.65,72.03,0.46,0,417.52
8/27/2022 12:00,49.17380202,9.212031716,4.46,62.07,3.96,0,421.1
8/28/2022 12:00,49.17380202,9.212031716,4.59,65.34,2.51,0,344.48
8/29/2022 12:00,49.17380202,9.212031716,2.43,58.17,0,0,439.32
8/30/2022 12:00,49.17380202,9.212031716,,62.31,0.45,0,461.04
8/31/2022 12:00,49.17380202,9.212031716,1.49,67.16,1.65,0,411.46
9/1/2022 12:00,49.17380202,9.212031716,2.18,63.91,0,0,439.71
9/2/2022 12:00,49.17380202,9.212031716,1.53,62.27,2,0,372.1
9/3/2022 12:00,49.17380202,9.212031716,4.61,57.01,2.29,0,435.48
9/4/2022 12:00,49.17380202,9.212031716,4.09,70.55,0.64,0,456.53
9/5/2022 12:00,49.17380202,9.212031716,1.32,74.62,1.12,0,354.53
9/6/2022 12:00,49.17380202,9.212031716,8.21,69.63,0.21,0,397.35
9/7/2022 12:00,49.17380202,9.212031716,3.41,59.76,1.11,0,335.12
9/8/2022 12:00,49.17380202,9.212031716,2.48,60.11,0.81,0,372.48
9/9/2022 12:00,49.17380202,9.212031716,2.88,64.3,0.21,0,408.81
9/10/2022 12:00,49.17380202,9.212031716,2.25,71.58,0,4.5,376.21
9/11/2022 12:00,49.17380202,9.212031716,2.85,55.49,5,0,368.83
9/12/2022 12:00,49.17380202,9.212031716,0.85,65.48,1.17,0,414.22
9/13/2022 12:00,49.17380202,9.212031716,-1.12,56.9,0,1.22,418.05
9/14/2022 12:00,49.17380202,9.212031716,-1.05,64.06,0,0,400.43
9/15/2022 12:00,49.17380202,9.212031716,-0.71,66.57,1.5,0,362.17
9/16/2022 12:00,49.17380202,9.212031716,1.16,63.17,0,0,445.98
9/17/2022 12:00,49.17380202,9.212031716,-0.41,57.31,3.44,0,416.84
9/18/2022 12:00,49.17380202,9.212031716,5.45,57.75,1.96,0,363.26
9/19/2022 12:00,49.17380202,9.212031716,1.76,68.39,1.43,0,428.5
9/20/2022 12:00,49.17380202,9.212031716,1.1,61.09,1.13,0,373.41
9/21/2022 12:00,49.17380202,9.212031716,-0.13,64.28,1.56,0,392.42
9/22/2022 12:00,49.17380202,9.212031716,3.59,59.8,1.63,0,356.42
9/23/2022 12:00,49.17380202,9.212031716,1.61,52.66,0,0,383.71
9/24/2022 12:00,49.17380202,9.212031716,0.2,58.66,0,0,392.75
9/25/2022 12:00,49.17380202,9.212031716,1.05,59.48,0,0.82,359.31
9/26/2022 12:00,49.17380202,9.212031716,1.7,63.05,1.39,1.19,308.35
9/27/2022 12:00,49.17380202,9.212031716,1.37,70.31,0,0,459.03
9/28/2022 12:00,49.17380202,9.212031716,-1.55,59.43,1.25,0.44,298.58
9/29/2022 12:00,49.17380202,9.212031716,-0.08,66.96,1.12,0,341.98
9/30/2022 12:00,49.17380202,9.212031716,0,61.1,1.09,0,401.84
10/1/2022 12:00,49.17380202,9.212031716,0.06,57.81,0,0,360.13
10/2/2022 12:00,49.17380202,9.212031716,-0.45,51.99,0.92,0,342.42
10/3/2022 12:00,49.17380202,9.212031716,1.31,54.96,2.69,0.79,379.67
10/4/2022 12:00,49.17380202,9.212031716,0.12,59.46,1.36,3.16,354.96
10/5/2022 12:00,49.17380202,9.212031716,1.93,62.71,0,0,354.55
10/6/2022 12:00,49.17380202,9.212031716,-0.61,58.85,0,0,347.34
10/7/2022 12:00,49.17380202,9.212031716,1.48,59.49,1.06,0,420.84
10/8/2022 12:00,49.17380202,9.212031716,0.46,51.19,1.28,0,299.14
10/9/2022 12:00,49.17380202,9.212031716,1.52,65.14,2.07,0,402.77
10/10/2022 12:00,49.17380202,9.212031716,0.32,67.34,1.59,0.37,438
10/11/2022 12:00,49.17380202,9.212031716,1.04,70.11,0,0,377.57
10/12/2022 12:00,49.17380202,9.212031716,0.95,59.97,0,0,413.97
10/13/2022 12:00,49.17380202,9.212031716,1.28,63,0.43,0,259.74
10/14/2022 12:00,49.17380202,9.212031716,-0.37,52.6,0,0,386.7
10/15/2022 12:00,49.17380202,9.212031716,2.74,63.52,1.71,0,360.97
10/16/2022 12:00,49.17380202,9.212031716,2.23,63.89,0.47,,397.11
10/17/2022 12:00,49.17380202,9.212031716,1.82,57.33,0.58,0,277.94
10/18/2022 12:00,49.17380202,9.212031716,1.38,52.04,1.97,0,387.88
10/19/2022 12:00,49.17380202,9.212031716,-0.31,54.16,1.75,0,356.46
10/20/2022 12:00,49.17380202,9.212031716,-0.95,63.98,0,0,271.69
10/21/2022 12:00,49.17380202,9.212031716,0.43,67.53,2.25,0.68,303.6
10/22/2022 12:00,49.17380202,9.212031716,1.27,60.49,0,0.23,332.72
10/23/2022 12:00,49.17380202,9.212031716,3.98,67.33,1.93,0,356.92
10/24/2022 12:00,49.17380202,9.212031716,1.81,65.36,2.99,0.22,481.2
10/25/2022 12:00,49.17380202,9.212031716,3.25,69.66,0.05,0,382.05
10/26/2022 12:00,49.17380202,9.212031716,-1.32,59.51,0.64,0,287.85
10/27/2022 12:00,49.17380202,9.212031716,5.03,61,2.55,0,381.77
10/28/2022 12:00,49.17380202,9.212031716,1.23,56.57,0.82,0,334.91
10/29/2022 12:00,49.17380202,9.212031716,3.22,62.73,0.53,0,377.47
10/30/2022 12:00,49.17380202,9.212031716,0.38,65.95,2.44,2.1,452.85
10/31/2022 12:00,49.17380202,9.212031716,4.17,59.51,0,0.2,472.57
11/1/2022 12:00,49.17380202,9.212031716,5.27,64.2,2.16,0,362.78
11/2/2022 12:00,49.17380202,9.212031716,2.04,69.65,2.31,0,427.24
11/3/2022 12:00,49.17380202,9.212031716,5.55,63.86,0,0,389.03
11/4/2022 12:00,49.17380202,9.212031716,1.03,68.64,3.93,1.44,382.76
11/5/2022 12:00,49.17380202,9.212031716,3.14,63.01,0,0,392.36
11/6/2022 12:00,49.17380202,9.212031716,3.17,59.05,1.72,0,435.12
11/7/2022 12:00,49.17380202,9.212031716,3.22,66.83,1.16,0,425.58
11/8/2022 12:00,49.17380202,9.212031716,0.95,58.08,1.91,0,381.2
11/9/2022 12:00,49.17380202,9.212031716,7.52,65.88,3.45,0,402.18
11/10/2022 12:00,49.17380202,9.212031716,-1.93,62.42,0.64,0.01,410.82
11/11/2022 12:00,49.17380202,9.212031716,3.55,68.36,1.73,0,365.52
11/12/2022 12:00,49.17380202,9.212031716,0.31,60.16,0,0,369.02
11/13/2022 12:00,49.17380202,9.212031716,5.35,59.45,3.52,0,489.24
11/14/2022 12:00,49.17380202,9.212031716,4.16,65.86,0,0,392.59
11/15/2022 12:00,49.17380202,9.212031716,2.99,61.04,0.33,0,352.74
11/16/2022 12:00,49.17380202,9.212031716,7.63,74.59,0,0,446.61
11/17/2022 12:00,49.17380202,9.212031716,7.63,61.71,0.76,0,420.86
11/18/2022 12:00,49.17380202,9.212031716,1.72,62.27,0,0,376.23
11/19/2022 12:00,49.17380202,9.212031716,9.3,59.94,1.98,0,395.53
11/20/2022 12:00,49.17380202,9.212031716,4.98,61.72,3,0,431.21
11/21/2022 12:00,49.17380202,9.212031716,3.89,63.52,1.5,0,491.23
11/22/2022 12:00,49.17380202,9.212031716,4.69,63.59,0.84,0,492.56
11/23/2022 12:00,49.17380202,9.212031716,5.68,54.63,1.53,0,476.54
11/24/2022 12:00,49.17380202,9.212031716,5.67,68.94,0,0,535.56
11/25/2022 12:00,49.17380202,9.212031716,5.37,73.04,2.2,0,455.37
11/26/2022 12:00,49.17380202,9.212031716,5.73,58.91,4.07,0,567.16
11/27/2022 12:00,49.17380202,9.212031716,6.41,63.45,2.26,0.18,538.94
11/28/2022 12:00,49.17380202,9.212031716,6.72,71.65,1.59,0,463.13
11/29/2022 12:00,49.17380202,9.212031716,5.08,69.29,0,0,495.47
11/30/2022 12:00,49.17380202,9.212031716,8.07,60.74,0,0,456.99
12/1/2022 12:00,49.17380202,9.212031716,5.15,59.26,1.48,0,540.96
12/2/2022 12:00,49.17380202,9.212031716,4.62,66.97,3.57,0,508.53
12/3/2022 12:00,49.17380202,9.212031716,6.37,69.64,0.42,0,466.57
12/4/2022 12:00,49.17380202,9.212031716,6.84,63.88,0.22,0,511.24
12/5/2022 12:00,49.17380202,9.212031716,6.56,70.8,2.49,0,520.71
12/6/2022 12:00,49.17380202,9.212031716,6.82,58.17,1.41,0,562.65
12/7/2022 12:00,49.17380202,9.212031716,4.64,61.29,0,0,488.62
12/8/2022 12:00,49.17380202,9.212031716,8.27,61.62,0.25,0.42,499.32
12/9/2022 12:00,49.17380202,9.212031716,7.13,66.22,3,0,547.72
12/10/2022 12:00,49.17380202,9.212031716,8.58,65.54,4.15,0,531.58
12/11/2022 12:00,49.17380202,9.212031716,9.45,66.91,2.84,0,518.57
12/12/2022 12:00,49.17380202,9.212031716,5.4,67.79,2.79,0,597.22
12/13/2022 12:00,49.17380202,9.212031716,8,65.97,5.68,0.46,558.78
12/14/2022 12:00,49.17380202,9.212031716,10.39,68.86,0,0,526.44
12/15/2022 12:00,49.17380202,9.212031716,12.47,66.8,2,0,515.37
12/16/2022 12:00,49.17380202,9.212031716,7.2,71.89,0,0,566.12
12/17/2022 12:00,49.17380202,9.212031716,,58.83,4.31,0,598.92
12/18/2022 12:00,49.17380202,9.212031716,10.63,70.07,3.22,0,611.93
12/19/2022 12:00,49.17380202,9.212031716,13.56,74.38,2.73,0,543.27
12/20/2022 12:00,49.17380202,9.212031716,5.87,74.95,8.75,1.67,630.23
12/21/2022 12:00,49.17380202,9.212031716,9.5,70.87,0.96,0,514.28
12/22/2022 12:00,49.17380202,9.212031716,4.79,68.68,3.28,0,595.66
12/23/2022 12:00,49.17380202,9.212031716,8.19,60.91,0.87,0,573.88
12/24/2022 12:00,49.17380202,9.212031716,7.61,70.15,2.93,0,638.97
12/25/2022 12:00,49.17380202,9.212031716,6.32,59.9,1.51,0,585.84
12/26/2022 12:00,49.17380202,9.212031716,9.77,73.46,2.03,0,592.39
12/27/2022 12:00,49.17380202,9.212031716,11.71,65.83,0,0,614.85
12/28/2022 12:00,49.17380202,9.212031716,9.34,70.33,0.17,0,648.2
12/29/2022 12:00,49.17380202,9.212031716,10.48,74.87,0.78,0,617.23
12/30/2022 12:00,49.17380202,9.212031716,7.97,74.61,3.73,0,635.93
12/31/2022 12:00,49.17380202,9.212031716,10.72,58.83,0.36,0,677.63
1/1/2023 12:00,49.17380202,9.212031716,9.8,76.38,3.82,0,602.14
1/2/2023 12:00,49.17380202,9.212031716,12.76,71.78,0.99,0,714.7
1/3/2023 12:00,49.17380202,9.212031716,10.02,73.98,0,0.27,664.86
1/4/2023 12:00,49.17380202,9.212031716,12.99,70.75,1.81,0,628.08
1/5/2023 12:00,49.17380202,9.212031716,10.45,67.7,2.92,0,589.78
1/6/2023 12:00,49.17380202,9.212031716,10.88,70.2,3.45,0,701.55
1/7/2023 12:00,49.17380202,9.212031716,12.3,75.97,0,0,673.18
1/8/2023 12:00,49.17380202,9.212031716,12.73,71.49,3.05,0.28,653.74
1/9/2023 12:00,49.17380202,9.212031716,9.82,74.23,1.11,0,707.01
1/10/2023 12:00,49.17380202,9.212031716,15.55,67.65,3.82,0,713.15
1/11/2023 12:00,49.17380202,9.212031716,14.48,65.75,0.11,0,607.47
1/12/2023 12:00,49.17380202,9.212031716,12.16,66.79,4.7,0,732.38
1/13/2023 12:00,49.17380202,9.212031716,14.4,73.49,2.49,0,653.71
1/14/2023 12:00,49.17380202,9.212031716,13.21,74.57,1.44,0,625.36
1/15/2023 12:00,49.17380202,9.212031716,13.65,71.35,4.93,0,676.65
1/16/2023 12:00,49.17380202,9.212031716,11.75,70.85,2.02,0,736.59
1/17/2023 12:00,49.17380202,9.212031716,13.78,66.34,1.57,0,783.85
1/18/2023 12:00,49.17380202,9.212031716,13.64,63.92,2.61,4.29,669.59
1/19/2023 12:00,49.17380202,9.212031716,16.07,73.76,3.39,0,643.26
1/20/2023 12:00,49.17380202,9.212031716,15.09,72.32,1.47,0,783.73
1/21/2023 12:00,49.17380202,9.212031716,11.84,80.01,5.02,0,804.65
1/22/2023 12:00,49.17380202,9.212031716,13.12,64.31,5.02,0,645.38
1/23/2023 12:00,49.17380202,9.212031716,15.73,66.36,,0,694.44
1/24/2023 12:00,49.17380202,9.212031716,15.04,81.51,2.53,0,784.03
1/25/2023 12:00,49.17380202,9.212031716,16.1,72.24,4.46,23.86,702.53
1/26/2023 12:00,49.17380202,9.212031716,17.66,73.17,2.45,0,727.18
1/27/2023 12:00,49.17380202,9.212031716,19.61,67.15,0.3,0.52,771.97
1/28/2023 12:00,49.17380202,9.212031716,17.42,65.92,2.13,0,736.02
1/29/2023 12:00,49.17380202,9.212031716,14.08,79.72,2.79,0,741.57
1/30/2023 12:00,49.17380202,9.212031716,14.48,67.19,0.08,0,797.22
1/31/2023 12:00,49.17380202,9.212031716,11.68,69.1,4.2,0,782.48
2/1/2023 12:00,49.17380202,9.212031716,15.26,65.56,1.38,0,773.34
2/2/2023 12:00,49.17380202,9.212031716,16.46,73.4,1.13,0,730.82
2/3/2023 12:00,49.17380202,9.212031716,14.84,78.14,4.19,0,683.51
2/4/2023 12:00,49.17380202,9.212031716,18.66,75.25,2.77,0,795.95
2/5/2023 12:00,49.17380202,9.212031716,17.17,79.73,2.9,0,759.24
2/6/2023 12:00,49.17380202,9.212031716,17.52,77.21,3.1,0,837.29
2/7/2023 12:00,49.17380202,9.212031716,17.79,80.67,3.32,0,808.15
2/8/2023 12:00,49.17380202,9.212031716,16.9,72.93,1.11,0,883.2
2/9/2023 12:00,49.17380202,9.212031716,16.57,78.79,3.44,0,752
2/10/2023 12:00,49.17380202,9.212031716,17.58,79.69,3.87,0,780.48
2/11/2023 12:00,49.17380202,9.212031716,17.25,78.61,1.97,20.64,819.35
2/12/2023 12:00,49.17380202,9.212031716,18.79,78.18,4.42,0,807.28
2/13/2023 12:00,49.17380202,9.212031716,19.5,82.12,0.88,0,780.21
2/14/2023 12:00,49.17380202,9.212031716,22.39,74.57,2.28,0,837.29
2/15/2023 12:00,49.17380202,9.212031716,15.67,86.34,4.25,0,786.78
2/16/2023 12:00,49.17380202,9.212031716,16.96,72,2.8,0,809.11
2/17/2023 12:00,49.17380202,9.212031716,17.42,80.6,3.18,0,869.94
2/18/2023 12:00,49.17380202,9.212031716,16.82,67.64,2.94,0,807.55
2/19/2023 12:00,49.17380202,9.212031716,14.48,81.05,3.63,0,821.63
2/20/2023 12:00,49.17380202,9.212031716,22.81,73.45,1.66,0,840.59
2/21/2023 12:00,49.17380202,9.212031716,20.32,76.3,3.9,0,794.72
2/22/2023 12:00,49.17380202,9.212031716,22.25,72.66,5.83,0,919.13
2/23/2023 12:00,49.17380202,9.212031716,18.52,75.15,0.92,0,814.91
2/24/2023 12:00,49.17380202,9.212031716,19.9,74.66,3.86,0,828.09
2/25/2023 12:00,49.17380202,9.212031716,19.62,71.95,4.27,0,826.34
2/26/2023 12:00,49.17380202,9.212031716,19.79,74.89,3.21,1.07,876.58
2/27/2023 12:00,49.17380202,9.212031716,18.3,73.42,2.26,0,854.92
2/28/2023 12:00,49.17380202,9.212031716,14.32,84.65,3.87,0,863.26
3/1/2023 12:00,49.17380202,9.212031716,19.58,79.33,4.3,0,850.18
3/2/2023 12:00,49.17380202,9.212031716,20.25,81.15,3.61,0,817.41
3/3/2023 12:00,49.17380202,9.212031716,21.81,82.67,2.67,0,872.88
3/4/2023 12:00,49.17380202,9.212031716,18.86,77.22,1,0,864.64
3/5/2023 12:00,49.17380202,9.212031716,20.22,70.63,,0,897.99
3/6/2023 12:00,49.17380202,9.212031716,19.55,76.82,2.15,0,832.19
3/7/2023 12:00,49.17380202,9.212031716,23.26,77.57,2.48,0,864.06
3/8/2023 12:00,49.17380202,9.212031716,23.66,74.65,3.44,0,944.54
3/9/2023 12:00,49.17380202,9.212031716,19.7,83.16,4.68,0.94,838.15
3/10/2023 12:00,49.17380202,9.212031716,19.38,87.45,5.41,0,880.9
3/11/2023 12:00,49.17380202,9.212031716,20.44,83.15,3.13,0,802.93
3/12/2023 12:00,49.17380202,9.212031716,20.65,84.6,3.65,0,876.18
3/13/2023 12:00,49.17380202,9.212031716,19.95,81.18,5.14,0,894.94
3/14/2023 12:00,49.17380202,9.212031716,19.65,73.77,1.27,0,915.51
3/15/2023 12:00,49.17380202,9.212031716,23.57,76.08,3.68,0,894.53
3/16/2023 12:00,49.17380202,9.212031716,21.35,82.44,,0,864.49
3/17/2023 12:00,49.17380202,9.212031716,18.62,75.7,2.4,0,844.57
3/18/2023 12:00,49.17380202,9.212031716,20.96,88.16,2.92,0,907.16
3/19/2023 12:00,49.17380202,9.212031716,20.98,74.89,2.48,0,876.76
3/20/2023 12:00,49.17380202,9.212031716,20.63,83.49,5.09,0,973.43
3/21/2023 12:00,49.17380202,9.212031716,18.56,81.8,5.39,2.19,876.71
3/22/2023 12:00,49.17380202,9.212031716,21.55,75.91,3.2,0,850.17
3/23/2023 12:00,49.17380202,9.212031716,24.34,72.03,4.31,0,880.59
3/24/2023 12:00,49.17380202,9.212031716,23.47,82.48,4.95,0,905.08
3/25/2023 12:00,49.17380202,9.212031716,19.4,79.11,4.4,0,874.83
3/26/2023 12:00,49.17380202,9.212031716,18.39,79.71,5.59,0,892.61
3/27/2023 12:00,49.17380202,9.212031716,19.49,82,3.02,0,924.74
3/28/2023 12:00,49.17380202,9.212031716,19.13,68.31,3.68,0,928.32
3/29/2023 12:00,49.17380202,9.212031716,17.18,78.34,5.48,0,856.92
3/30/2023 12:00,49.17380202,9.212031716,22.94,77.84,1.26,0,956.22
3/31/2023 12:00,49.17380202,9.212031716,19.87,78.99,5.32,0,933.45
4/1/2023 12:00,49.17380202,9.212031716,20.17,72.82,2.55,0,923.95
4/2/2023 12:00,49.17380202,9.212031716,19.74,77.48,0,0,884.46
4/3/2023 12:00,49.17380202,9.212031716,22.44,74.39,2.43,0,885.88
4/4/2023 12:00,49.17380202,9.212031716,22.26,77.31,4.93,0,915
4/5/2023 12:00,49.17380202,9.212031716,19.51,81.78,1.65,0,879.64
4/6/2023 12:00,49.17380202,9.212031716,18.33,86.68,3.79,0,875.65
4/7/2023 12:00,49.17380202,9.212031716,22.14,81.73,1.48,0,884.52
4/8/2023 12:00,49.17380202,9.212031716,22.86,72.6,3.73,5.14,891.44
4/9/2023 12:00,49.17380202,9.212031716,19.71,75.63,3.47,0,883.19
4/10/2023 12:00,49.17380202,9.212031716,21.62,81.3,5.38,0,907.95
4/11/2023 12:00,49.17380202,9.212031716,21.41,76.9,2.61,0.03,919.26
4/12/2023 12:00,49.17380202,9.212031716,15.28,85.5,1.04,0,927.26
4/13/2023 12:00,49.17380202,9.212031716,21.5,80.82,3.56,0,900.1
4/14/2023 12:00,49.17380202,9.212031716,19.94,76.3,2.92,0,888.69
4/15/2023 12:00,49.17380202,9.212031716,22.35,72.95,1.21,0,922.15
4/16/2023 12:00,49.17380202,9.212031716,19.9,76.21,1.8,0,872.82
4/17/2023 12:00,49.17380202,9.212031716,,80.96,2.68,0,857.18
4/18/2023 12:00,49.17380202,9.212031716,22.26,83.94,1.18,0,866.98
4/19/2023 12:00,49.17380202,9.212031716,19.27,71.74,6.22,0,872.63
4/20/2023 12:00,49.17380202,9.212031716,22.21,82.82,4.83,1.92,911.53
4/21/2023 12:00,49.17380202,9.212031716,21.53,83.27,3.79,0,845.91
4/22/2023 12:00,49.17380202,9.212031716,22.04,70.77,2.85,0,863.71
4/23/2023 12:00,49.17380202,9.212031716,18.86,83.23,2.12,0,869.92
4/24/2023 12:00,49.17380202,9.212031716,18.34,83.39,5.02,0,870.16
4/25/2023 12:00,49.17380202,9.212031716,18.58,83.3,4.72,5.88,899.13
4/26/2023 12:00,49.17380202,9.212031716,19.2,81.85,4.06,0,886.68
4/27/2023 12:00,49.17380202,9.212031716,19.98,82.98,4.94,0,791.88
4/28/2023 12:00,49.17380202,9.212031716,20.39,82.95,3.91,0,926.15
4/29/2023 12:00,49.17380202,9.212031716,19.08,72.21,2.24,0,886.42
4/30/2023 12:00,49.17380202,9.212031716,15.07,71.37,1.92,0,899.91
5/1/2023 12:00,49.17380202,9.212031716,19.08,70.13,2.54,0,850.34
5/2/2023 12:00,49.17380202,9.212031716,17.58,73.2,2.54,0,802.34
5/3/2023 12:00,49.17380202,9.212031716,22.12,80.57,2.51,1.42,856.32
5/4/2023 12:00,49.17380202,9.212031716,18.08,87.13,2.5,0,791.56
5/5/2023 12:00,49.17380202,9.212031716,19.08,80.68,1.56,2.09,910.42
5/6/2023 12:00,49.17380202,9.212031716,21.5,69.79,3.87,0,881.17
5/7/2023 12:00,49.17380202,9.212031716,17.79,78.23,2.08,0,855.06
5/8/2023 12:00,49.17380202,9.212031716,15.96,75.63,0.59,0,860.38
5/9/2023 12:00,49.17380202,9.212031716,18.24,66.63,2.13,0,883.99
5/10/2023 12:00,49.17380202,9.212031716,19.54,72.97,1.63,0,889.07
5/11/2023 12:00,49.17380202,9.212031716,17.02,82.53,0.11,0.05,808.62
5/12/2023 12:00,49.17380202,9.212031716,15.43,74.3,3.39,0,769.08
5/13/2023 12:00,49.17380202,9.212031716,18.14,77.64,1.49,0,777.71
5/14/2023 12:00,49.17380202,9.212031716,19.55,77.6,2.25,0,749.83
5/15/2023 12:00,49.17380202,9.212031716,18.57,79.35,1.62,0,850.66
5/16/2023 12:00,49.17380202,9.212031716,16.91,80.18,0.26,0,830.74
5/17/2023 12:00,49.17380202,9.212031716,18.72,81.7,2.96,0,838.27
5/18/2023 12:00,49.17380202,9.212031716,17.07,75.13,5.52,0,790.66
5/19/2023 12:00,49.17380202,9.212031716,17.58,73.84,4.13,0,739.41
5/20/2023 12:00,49.17380202,9.212031716,15.84,81.73,2.93,0.09,781.36
5/21/2023 12:00,49.17380202,9.212031716,17.67,83.05,2.02,0,763.81
5/22/2023 12:00,49.17380202,9.212031716,15.86,82.86,3.55,0,762.05
5/23/2023 12:00,49.17380202,9.212031716,17.67,81.32,1.34,0,821.73
5/24/2023 12:00,49.17380202,9.212031716,17.26,79.61,1.87,0,778.52
5/25/2023 12:00,49.17380202,9.212031716,16.67,76.39,5.3,0,833.38
5/26/2023 12:00,49.17380202,9.212031716,12.4,71.71,4.89,1.54,782.79
5/27/2023 12:00,49.17380202,9.212031716,20.37,73.65,3.32,0,793.24
5/28/2023 12:00,49.17380202,9.212031716,19.99,74.6,1.89,0,845.89
5/29/2023 12:00,49.17380202,9.212031716,14.45,77.1,3.21,0,756.16
5/30/2023 12:00,49.17380202,9.212031716,14.43,74.02,2.08,0,760.17
5/31/2023 12:00,49.17380202,9.212031716,18.72,73.68,3.25,0,751.38
6/1/2023 12:00,49.17380202,9.212031716,14.41,69.16,3.74,0,746.42
6/2/2023 12:00,49.17380202,9.212031716,13,77.56,0.67,0,728.8
6/3/2023 12:00,49.17380202,9.212031716,23.43,73.66,0.28,0,732.86
6/4/2023 12:00,49.17380202,9.212031716,15.94,70.04,2.61,0,769.72
6/5/2023 12:00,49.17380202,9.212031716,18.83,71.19,2.99,0,835.93
6/6/2023 12:00,49.17380202,9.212031716,19.73,67.35,2.34,1.09,785.64
6/7/2023 12:00,49.17380202,9.212031716,16.52,76.75,2.22,21.06,723.67
6/8/2023 12:00,49.17380202,9.212031716,15.86,70.91,1.53,0,798.62
6/9/2023 12:00,49.17380202,9.212031716,20.14,79.04,3.41,0,699.68
6/10/2023 12:00,49.17380202,9.212031716,16.72,71.67,4.14,0,737.84
6/11/2023 12:00,49.17380202,9.212031716,8.69,81.49,3.9,0,697.36
6/12/2023 12:00,49.17380202,9.212031716,11.6,79.23,1.72,0,723.45
6/13/2023 12:00,49.17380202,9.212031716,13.51,69.2,0.4,0,711.39
6/14/2023 12:00,49.17380202,9.212031716,12.81,82.54,1.6,0,744.57
6/15/2023 12:00,49.17380202,9.212031716,15.09,74.49,1.82,0,674.89
6/16/2023 12:00,49.17380202,9.212031716,14.08,69.97,4.34,,726.55
6/17/2023 12:00,49.17380202,9.212031716,10.89,75.34,0,0,686.13
6/18/2023 12:00,49.17380202,9.212031716,11.54,75.11,2.45,3.08,685.57
6/19/2023 12:00,49.17380202,9.212031716,12.23,69.19,1.52,0,684.11
6/20/2023 12:00,49.17380202,9.212031716,11.99,68.63,2.91,0,667.32
6/21/2023 12:00,49.17380202,9.212031716,16.75,67.85,0,0.02,578.71
6/22/2023 12:00,49.17380202,9.212031716,13.21,75.02,0.99,0,674.09
6/23/2023 12:00,49.17380202,9.212031716,11.8,68.13,0,0,661.05
6/24/2023 12:00,49.17380202,9.212031716,15.71,70.24,2.04,0,669.78
6/25/2023 12:00,49.17380202,9.212031716,14.91,79.92,3.61,0,639.29
6/26/2023 12:00,49.17380202,9.212031716,13.55,60.27,2.29,0,582.31
6/27/2023 12:00,49.17380202,9.212031716,11.36,69.13,3.02,0,604.66
6/28/2023 12:00,49.17380202,9.212031716,11.8,70.78,1.67,0,587.67
6/29/2023 12:00,49.17380202,9.212031716,11.14,61.84,0.37,0,607.18
6/30/2023 12:00,49.17380202,9.212031716,9.1,68.91,2.72,0,588.33
7/1/2023 12:00,49.17380202,9.212031716,12.52,73.76,1.26,0,609.25
7/2/2023 12:00,49.17380202,9.212031716,6.77,62.45,1.56,0,601.61
7/3/2023 12:00,49.17380202,9.212031716,6.18,70,0,0,525.3
7/4/2023 12:00,49.17380202,9.212031716,,68.04,1.6,1.01,622.37
7/5/2023 12:00,49.17380202,9.212031716,10.68,66.81,0,0.3,607.41
7/6/2023 12:00,49.17380202,9.212031716,11.17,76.51,,0,667.54
7/7/2023 12:00,49.17380202,9.212031716,10.15,65.01,4.42,0,647.39
7/8/2023 12:00,49.17380202,9.212031716,8.09,66.31,3.31,0,545.28
7/9/2023 12:00,49.17380202,9.212031716,4.18,68.68,1.11,0,614.84
7/10/2023 12:00,49.17380202,9.212031716,11.32,70.23,1.43,0,610.93
7/11/2023 12:00,49.17380202,9.212031716,4.61,78.94,2.93,0.28,610.23
7/12/2023 12:00,49.17380202,9.212031716,13.47,70.61,4.83,0,554.68
7/13/2023 12:00,49.17380202,9.212031716,7.15,65.78,2.4,0,595.73
7/14/2023 12:00,49.17380202,9.212031716,4.53,61.34,0,0,612.69
7/15/2023 12:00,49.17380202,9.212031716,10.8,73.84,1.73,0,560.4
7/16/2023 12:00,49.17380202,9.212031716,9.06,61.61,1.76,2.11,557.83
7/17/2023 12:00,49.17380202,9.212031716,10.11,69.86,2.5,0,522.03
7/18/2023 12:00,49.17380202,9.212031716,7.95,62.07,0.28,0,548.18
7/19/2023 12:00,49.17380202,9.212031716,11.88,66.46,0.28,0,552.25
7/20/2023 12:00,49.17380202,9.212031716,7.31,66.6,1.92,0,525.43
7/21/2023 12:00,49.17380202,9.212031716,3.2,65.14,0.91,0,516.32
7/22/2023 12:00,49.17380202,9.212031716,9.53,70.96,1.37,0,482.13
7/23/2023 12:00,49.17380202,9.212031716,5.81,68.82,0.71,0,509.01
7/24/2023 12:00,49.17380202,9.212031716,6.37,71.77,1.62,0,520.07
7/25/2023 12:00,49.17380202,9.212031716,10.22,59.22,3.48,0,487.4
7/26/2023 12:00,49.17380202,9.212031716,9.26,68.92,0,0,501.91
7/27/2023 12:00,49.17380202,9.212031716,10.13,54.48,1.69,0,506.87
7/28/2023 12:00,49.17380202,9.212031716,6.06,65.67,1.59,0,431.33
7/29/2023 12:00,49.17380202,9.212031716,8.6,67.81,0.98,0,585.19
7/30/2023 12:00,49.17380202,9.212031716,5.5,67.71,3.4,0,525.55
7/31/2023 12:00,49.17380202,9.212031716,6.36,68.43,0.85,0,461.23
8/1/2023 12:00,49.17380202,9.212031716,5.46,70.27,0,0,462.73
8/2/2023 12:00,49.17380202,9.212031716,4.3,64.4,1.06,0,483.96
8/3/2023 12:00,49.17380202,9.212031716,4.37,61.55,0,0,522.98
8/4/2023 12:00,49.17380202,9.212031716,4.91,64.29,1.4,,596.71
8/5/2023 12:00,49.17380202,9.212031716,6.61,65.29,2.33,0,504.44
8/6/2023 12:00,49.17380202,9.212031716,5.83,77.43,1.42,0,538.52
8/7/2023 12:00,49.17380202,9.212031716,6.6,67.86,0,0,429.92
8/8/2023 12:00,49.17380202,9.212031716,2.58,67.44,2.61,0,498.82
8/9/2023 12:00,49.17380202,9.212031716,5.52,67.97,0.33,0,491.74
8/10/2023 12:00,49.17380202,9.212031716,6.33,66.1,1.55,0,507.69
8/11/2023 12:00,49.17380202,9.212031716,9.16,70.17,0.49,0,534.92
8/12/2023 12:00,49.17380202,9.212031716,6.26,59.88,0.6,2.31,520.66
8/13/2023 12:00,49.17380202,9.212031716,4.21,57.59,0.67,0,492.46
8/14/2023 12:00,49.17380202,9.212031716,3.08,65.93,0.67,0,449.77
8/15/2023 12:00,49.17380202,9.212031716,6.2,60.54,0,0,446.22
8/16/2023 12:00,49.17380202,9.212031716,2.53,56.84,0,0,546.69
8/17/2023 12:00,49.17380202,9.212031716,4.37,66.66,1.64,0,430.23
8/18/2023 12:00,49.17380202,9.212031716,2.01,65.69,2.04,0,344.13
8/19/2023 12:00,49.17380202,9.212031716,5.4,69.48,0,0,464.19
8/20/2023 12:00,49.17380202,9.212031716,3.01,65.23,1.45,0,436.75
8/21/2023 12:00,49.17380202,9.212031716,3.69,63.98,0,0,348.94
8/22/2023 12:00,49.17380202,9.212031716,6.4,70.3,1.39,0,370.31
8/23/2023 12:00,49.17380202,9.212031716,2.08,72.18,0.46,0,408.52
8/24/2023 12:00,49.17380202,9.212031716,1.57,60.27,0.05,0,374.75
8/25/2023 12:00,49.17380202,9.212031716,1.04,64.56,0.73,0,463.8
8/26/2023 12:00,49.17380202,9.212031716,2.66,64.78,0.66,1.42,503.58
8/27/2023 12:00,49.17380202,9.212031716,3.22,66.32,4.84,0,400.14
8/28/2023 12:00,49.17380202,9.212031716,5.99,68.01,0,0,415.83
8/29/2023 12:00,49.17380202,9.212031716,3.31,59.59,4.15,0,462.21
8/30/2023 12:00,49.17380202,9.212031716,1.37,56.74,4.15,0.03,370.71
